USE EUPagoAmanhaDB;
SET FOREIGN_KEY_CHECKS = 0;
TRUNCATE TABLE assinaturas_contrato;
TRUNCATE TABLE chaves_utilizador;
TRUNCATE TABLE password_history;
TRUNCATE TABLE contratos;
TRUNCATE TABLE utilizadores;
SET FOREIGN_KEY_CHECKS = 1;

INSERT INTO utilizadores (id_utilizador, nome, email, password_hash, data_criacao, password_changed_at, mfa_enabled, mfa_secret, hmac_type) VALUES
  (1, 'Ana Martins', 'ana@example.com', 'zeNRGhHntdCnENIqh2lZsQ==:AVkf4AjJg+ToZmWC418TGlNbr6o98APwy8EkLez1NzQ=', '2026-05-10 18:49:14', '2026-05-10 18:49:14', 0, NULL, 'HMAC-SHA256'),
  (2, 'Bruno Costa', 'bruno@example.com', 'lA02f6IHJgM9yvntbl5ylA==:r5hs7ZuTMaQTKHukex4Y133pE8oSPy6uPGpYv7ahjR8=', '2026-05-12 18:49:14', '2026-05-12 18:49:14', 0, NULL, 'HMAC-SHA256'),
  (3, 'Carla Sousa', 'carla@example.com', '61Qdcnx91bONHMvMcLE9Ow==:r6ollZCUeu+uvoLrGa1w6Vn0Ky2OClqjzQ4kR4hk0Dw=', '2026-05-14 18:49:14', '2026-05-14 18:49:14', 0, NULL, 'HMAC-SHA512'),
  (4, 'Diogo Almeida', 'diogo@example.com', 'xgZu9a+fRi7KpKh1xHvYYA==:3WL3rA1m6AgouRtWOeUaVMW1TjHXKt2TJHAJqWZbx0g=', '2026-05-16 18:49:15', '2026-05-16 18:49:15', 0, NULL, 'HMAC-SHA256');

INSERT INTO chaves_utilizador (id_chave, id_utilizador, chave_publica, chave_privada_cifrada, iv_chave) VALUES
  (1, 1, '-----BEGIN PUBLIC KEY-----
MIIBIjANBgkqhkiG9w0BAQEFAAOCAQ8AMIIBCgKCAQEAsbz0hCX76zPIvuXkZF1I
qPf463z9iE3eN8U8ssIWR1xaGh5O7dplLZ93r9g8sjDfKVlG38ChTNRhV+f2DAHN
0pp5Fy5l9VlQdben2/BYkaYES1cKXwwKVS12FHljZy9/SgsTk/58apZ8rihBPFPJ
bLB2IofOYhb4WuH4MfIPg5JUSkBSqbHZJYxMepUNKnpCq/hmL94RZHAE7BXYqGHW
wDVs1vssY2TkhLeqtSLqlKgEXAwmsvR6mEb75uH/DezDi2/rZetuawVuhE1GLXkV
YhAC7zyC0EWoj7R7lm+y46Thl1Mq3+WXTBfKSgmmqbSrVYBMUovoKmXgRzbQdVkk
owIDAQAB
-----END PUBLIC KEY-----
', '5FeW4mSKFYBs5lBVi7M4Pw==:qiZQuPifMgcGBFuiNBeQ/A==:Nh0Di+rkQGihwb9eFMmkNigm08yHkcac0J9gfKK+kfZ9A3BsaekKQAbOMq2EQu3x/0PjSq/EO4bmGW/1yzhWHGcgyWtt7c2HetwGKSOtzGkP/nSLVT6FuU1dK4lAwakXxdZOR+4gEYEHzvdRRMUSV8MA8yPC+8Sf4LnUsLm15xYbRheuGsrm7QhAlI2NIkrmBTE5Ju/eqp4LdQTqwtrjnjkFcPbLe8PKFHoTfAkdbNjZoLUWOv4bQuubkqQeNbUeICYGFRsmcUTqC3xLxoAABupVcsmiSwiKfqgj4D4Ko+ELbO/GAlQazccI7Z3O8MGmfeVvI3R8m1w2VNTmhbmKXYtgG5Fgq/f21OkK3IFkdp1/FAMc1tKS8eZ9Osz/ji6pSrnPRYI+ou7YiUjbRAi6CWCTHUWUNl51v1bQi1QU+LXFqEevT2se1/LlNgNKqEVAbg9i4g+um4h9F2Qmzvo0DVkwhLFt7NAulAd/SV8IdJHb7CFXEbM6dNUKDToJPAKSX5VCrewtVsMoiUW376Q84NUdgFL1UMwh2KFweT6SIhOlf0ON+KmrqiX9LxCOd6qGdTcT0KWFQt7VBEY1QGJjY6SEJesVAo6yBGH3OgMk5LNULZ9NYIZjDOy1vJNaDbh1iqBa9e2WTMCxqUNc4Kshw4YExj5MqU69GjdSJ7IP1MR1PvDW3CWEIYzM8R4HUO5D+Rao9rZuABuEjFzFrTl7QpXNZWgNpN30esT7osqzPFTZcntbHhLw3ZOW9IxsIv/xWQRe7hc0wP+DhghBhypmGfsMJ/BWQHjHW/OoTZmp2wK0nFA4oPRbS3dybxzNOHHsE2X1jig+xlpBFYkkrYazH5IolPa3cc8Tt0JolMGV8xSns6W8OvCg/sHC5He1j8LGCgENwPCSIurv5SkuA1DujFIUm/8lIW7IEbNeAmCmoMCV2JiMyjJmkL/UlV/x30DYy68O+bbihvxyuZyVfoWZHhsBriS8Umpo85vDeyhkI/C5gT1K3JlFyobf6x5L2Cyu5gyYAEY9SK0Vbxi4z5xdONhMLrR9H0KZ4wDLHUgGbDSdbtVLfToG30QdQ9EP2fIS/6sArTCDM+CCYiIdzoJ7RUDJcZLLWKOcACGHQ2XTB+szb95HhvhjIzeACzXEmemTG00856RRjiUYmEdZGcN2ouk2HRbhr0+RXJvheDSjQhKDBNmUE5jGJhPwk0nvEvMMUUNIJu5Zg4sWGVAyxb8k15RozszXlDkFJEUlD9W79glIAG1sgG2yxkM/aDseq18e7ax5B9YABHnN9YiAcZXsoflkPPazNrDmysvAybsL8NVlvbObM1riAFUgKkQzGoutbqoNSLhOBgCFeQYmRoX7uY6AZBYtr8Dh/k5aXLpNyis24rzQff104vVSmAsllCWlM2/9eHM+qTRCa0fnpNZexyVjQrSjhg/5vXhPfdRIFDjQ7AEvMyR6qb0cwCxSlQdlziFT19WkldXIVFr39NCfG8Ec3ppBdLHxoL3XO8D0XS3oSTO0FEnyq1PnP7xslfdE4ENBDLqO313CyQGS/4h/eKdpXTXTr3xnNfry/VwfdoHbhlthFz4HKL5z9QW+zszzIPV9OYi0u2R68Nyh3X2D1ItRL4YjQr2zbM4k1/6GQTeTMvqZvs0wRBPjLfVdxVYBZybnVcE1dAh8HUwjzTz8PcsXFGzHe5iAs7DZPDfaQaMwWzJqq86wRjZMIQu98gcBiiP35E2iwdjAWSpw2IsoGCSoHSR3sO0ys5oPDcxokdNh7412OLIiin0L84kdO8Darb3m+/ucaACC0fzS6lpMkrfSxG6gNhzGdc15a4LXeTRAYZZcb3mKwaNy7WpjPO8afOLIfWa3X5Md3pYivHumfX5bs/sLhv01tAcIZ6cA0n+RYr0mcqQwi4ujPbGo8soRxXA8EShc7cwqsOKbTShKRMNhAZSSbfSR2RsjH1Ltn+XteJJDb2OgzrUORWMqsHaQRFE4O92U3BoU0hGQoXOJ71BpxuJTaGtE1YTNI6+KldVy25vGFtpOtUCBprQhRE7I02y5XqeAHktQrdDnXFir2z4+TBaFz7clAQ+DavVti5xeSIX8b5CxEy3LlK43+vhJz5LiDS/ScgGrs+swOdKUK1PDRG/dg8LCZzJ+tVJd126j9gWEu8SpKJh3lXv5imwIamQlbY1GTAo1fTMeVAS31j7feggXHaTBtR2oMJ/LW1SDE/SbY6dmeFCgGpp+cJsYQJcWkA7qSshu+2PzgjKYN9YzC9lQWKhRq9VHPQh4jkc=', 'qiZQuPifMgcGBFuiNBeQ/A=='),
  (2, 2, '-----BEGIN PUBLIC KEY-----
MIIBIjANBgkqhkiG9w0BAQEFAAOCAQ8AMIIBCgKCAQEAp3yAcqDLV1RntYlhpt6T
BwBi6NP8X+Sy2mPoUt8SEl+yITaLuZA7ft+eow/hYTyoyv0Xj6kxBwLVTRRcLB0S
it5Lx5Oy0s2gee2mvqytIbKndTf79XV30bqiVsCD1EIlxhAB/loXyB3kJ/IWsk0Y
TwxgF2X9+boCwoY11uWHZxxgz+SO85WAmLUO334iJGHTzmGLjSHbQd+QL+v17di1
BzYeyBWcH6eCtv8uHwtY1NqnTuE1Ra8bIUaChdTpONDE4Jm7y14p0Gs803AskJPY
ckjje0tluanElasQzre6GF8HRmyRKgXKAlTTds52xWOZxpwDH6GhDI1WJiVi9j3Z
5wIDAQAB
-----END PUBLIC KEY-----
', '3QkICyE4ailD76ez5BV3eQ==:1grjM2Ia85eV6E/b/itauA==:imyRYfbZPpXZ8QhXiHajWiJthtxwG9443SkEMrZxqsPuDGc8S8/2XAhrQthJhN6MoPCS9fwiW1ZtVu1mZZyTcDCUUVkG43C/VDgPigTu5oWcUralR7N3zd9cULLXJ9Si0b5gfS4y6pXRFlL6y+IwPRsffs5RAqiQPYrGjs1sP9VnpX4E5VYuF9NyLq09RqTV+jAApShnU4lVh91lzum9qM9YP9pk9EBsEZA0xgnSy+fcuIzMwCPAMqGgzIU7/+zgYu5CB+JXlSRv36LbTjmmK7N4OcWXkw0kEa3SzK6X4ZxYP71dy+X4LkUMJaE4/vJiU+rVoA09WOUGBGHnWZ5EGSVnaZHuKpw+P8x9vbzfdHsjYpT9v1/MwhTR8+WzRNILe3OaN2NfrHZ8w2ZiDZuDLTMXhkhvZd8sU85enNanOba80Kn3j4mNLs0L7d+HFhcXVKHFMGa1ynxQxRHK0FCE9EXxiXQd58AtMbx9T3fYFQqSxj++fvTtTxIpP00DJX9gGGCN1y98w8OlCKjQVFYIRjWNQy/7/crXzmG936pQ+XsKeG1QqlmtOBu5CEhDR4obHipGS0s6IFhdjIZ00RCZK3qnvYCXlvHHFWA0J+9xB1RHbJKtMpstjiEiyKc1UT4KJJpLjRfCYkPgX0I5HeEZorty1/XqTWPKDIYn8JpgPmLyTg6HaiMuB1iQkObQL36uUQsX7l6G1CXsGK36NDVu9hXMiIWx/9pYmgGEu0uqXheWTabxWhSQ5VJITGlv9ZbOwqyTcG5CYfKl6PGv/QlgqV5zODN+aV8++wNeVut6C8AS5mxjZp5VRbNInoV/w5KMtQZYPRKyXiH7hG6rXlACdq2o0qXEXObfJD681whIVYIGJD6++kt22ALM0ix31DJ567UxQPUNHE+wvRXltQz68Js0aogxKTYuravgEAUkqFqyfej36+mRMh2rrJHu35EDRdSajQmC0qQ7Kb1RyggQ9U+TXTpUe2nzHq6tgM3jp55xaoTh4L5y3bol9zeIzTjrtm4ZZ+VrEvmUfkt3gH8LXihaAeVJCv1b49L5oQB/2WtGshB0tw8MZTvE1+lVfNd3gFe1KAhoy5s5gVAEqth9L68tXoWyazUf3VgLVeeJmx1C49wmmB9vWq22ejAp35hoMdlsMSNXWjVi3WurdlGSZwhI2PjlELcCY7ZM9JWZ4tUmLMwsWw4O8C5wcInHHfY/38WWs9ZJL8vyO2nRaI0uEekEFlAba0x8UM2Js2JalC5F23EpBTduKZ2ysKzvkBeDgkmr66AkU4nzMi6k+Hl0Lm3N9Vjd13ewkHIl0BHqiT4HLUSJ/gkq45S+Oo8THtdtT0mU9cU5zyirwd2bRDy8HdayVWqTBYiPawJ21/btyBNieZVtsp4n8rAEdo7TVH5ibcfO27CAD1D8cydkivRNHi940CxEXUFBMBM36d8wvcvYiu4l7iPi9SSNGHJwwl/HLKwN6mjoL6zCpCa03DQX163MCje3qUNRG1YXhjW7yt5h8DCZXkO4tRAMBNymqdE26rH/3K2Y376FH90FqOZVRSFxKeMbDEC4rmSK1cikQa50GL4EmIeLbnIf+FSS+O12rlIrX3bN5FD3MccaaGL90e5KiLd2xErBDPXieQGBALxxRjhjrP9Ac0xIbm/j+WN2OUhSqP/sjLbu1HOCY7zu70jWv/vdoCSEVoX6qIPjptVgjUkW60aWp6bIbhazSuE/+EQWaDwLjocGGteKAe33qnOMK/ejo0r1pZjYR/ZLxw4A0bOzr8mQj8pJ2+ePSgYkoX5NMORAj8N5Gdy+bE1opgGsoUWElm9wsNBbY3LqDgzrEDN6CwfexoTl3WEicqAX0wGvA2r69TotgNW9ZcEIpB0f9dQfBOvxFvjevUobNeh2lK8R7gTsnwq5OJyweioHy1P49iN+ttKaUE2/Lq5m4Q961Nwx5t1dXpicXkARSrQzxiJtkUk1qxDfXhMIazNPPSlm6TD0lceheHmz2a3JB2fxvvxLWgf9qXBj+C8tfUORHcgcyWbv32pb/dHieyqzlUa4Vqw46nUeETefq/owlGt/fOfHPo3GHGWpsGluWcA1zSJwQ9QgM0DkAOspaGfrQAs9RtrZ8JdMMJds2V4ffc+vkNTAQYvE1SDjMJxR4dEKXVF0RdRaWwiRQ9Dk9L4IQiPvt0NVs6ExqM+BkCqpYRLH2aL1CF2b6uJZBTUe1Ik3je4CJUNRsKkPCWfQyAyYhYQ4IKek00XiAoTxW1Ih6OyPvin6zh+zaE1hfov6O70=', '1grjM2Ia85eV6E/b/itauA=='),
  (3, 3, '-----BEGIN PUBLIC KEY-----
MIIBIjANBgkqhkiG9w0BAQEFAAOCAQ8AMIIBCgKCAQEAtRUgHkEH4C7v5b6Juviw
p/GuTHJkKwoRIXUYN3vbCfHoI0AMaA7hO2zGbGqarP98xcDDZss+lO9dzE+itjAe
bkgqiRCMnddRw5enBu8nou562WO3pGPNF6/UMMu0DiN2e6iyZz3/nJ+CU0++01hH
nr0djyxhNB9FuVEMnbPLMjnoho5cp8Z97Z8bt9eein74OAWOAZQzzOCHbr9Gld1/
TvDpzsiJ9aiDOVi0PYJCOqnVZbQYG7DhwXOtTelhkGWTdYIEswD+bmllzRBQvlbn
UNk0F1FrqApWMUK3zJ3Grsg2XIxOYTVma8W0AkPyMXvbMY3rFUENmaCt9+1kY2G1
pQIDAQAB
-----END PUBLIC KEY-----
', 'uTlH+Ml27iqgWjy4ZZ0M/A==:Ejc/wh/cFXJ5qHTkyDpzvg==:8+KnB1qy+ZY3MCDe491px90yyt99xdS96AmzIhE2x/HvY7uJTRwWBf/HuREkPY20h1LQPGhmENfxRDsheBy3W2TDpY0BPL6FELIvRxWmMTGY+R775fcvIGjzppWkDmE0CZDMCNQqYR78D0N1bY8FdOIjyr/qVumf8FRkGC5LZIYiIf0s1iZiJP3bd/J9k0ulcMyfiIrVIxrMsAsrUjYaZwooMWNCgpodc/qISIi8YbC4KrqN26SLSLn2+zJC/1lujufc+gwWQFL9voM6q+iMu8IUAMw/v15Tt9nEU0GitYvRqnRAQ1n34yKt8RQGP+4kWeqsa6b+RCTRua8mqyT4R7pETxeizZHzk4hvi+LRh2UVNLVlQSizfmQtznRDhicBimVtdwp+Yj4R4MeVdxLIfRXeS3xmOlVou1zMsDuZqQ/pK1rKIjEj7n/+49mq7TWxVJc5XLpBUT72TneVTcEjXYcp8gWEvuWXzjFGrvW+snroQTI/mxg3qg7bqGdDWKkDe4/dkHjB38Pa5g9Gw53UUWbzc8U1azDUEJBfLXc4llTMlhSSjNcriTDexaJH+ogv7TyHDjJP2fnvZzZbHw//zWpZcjnz2uZRUdY37v4qprBykDmL+cIvO12qEnu+KQSyJ9NiCFs+Hq0yd+gJ7JwK3wC8CSkmsY9l1iiyTTTXyLAo6GHqQGv1LOMhc8M+wdnQFRyzEGdiYR5FE0Hrerk0KnlrPjfIC4vBlCZbi3hO7jaOk4ywNeLqacHKYQiR06I+0yTYowVXLjVfYmvWUG0R6Ys1JjU7ZuvQZql/4uZhsJIYl5i60CEuvpiW/kiRdM7c/pKqdB7aRold3xJ2XUnDbMq4sEYEE0bie1T5bobabUToLaW9AXHdkXPxhYD3QGyt6LHd6K1c6Kgdo7IOOfgzeahFvWLeoQNVVk7G/ayKM9G2cp5DClJpgxVClZJMWWq6N4WoBXUf81R4ZZwlVBxSU01Nks2njMJ0SlFjaOt+qjGLYGIOpvYI/Wavnmt5j8Q7lIgvaCwpqzgQSpPCTrBk1C1T3tKritDfSpMO7HKm6vOwC0KBMbg3t/Snall+ktmx/MMXAUIo/YtXJe4EE+p/yUgt/CPiOlOfPTalu0Q8J6994DUsqVJSuQ/gMy6VtACrpK8JjfOg5cMrztsZ16XDostjmq5SAI4v5R31wuCYbj3k/ui6aYi/f87dy3lBD7ECAffKAg3fHs6s0g76AP81FxGY27Lc6WVed8BxraZ1zY32lqeM425oHUc9jo2Ryy1KU1x3XoalUzKNWr993WXdsoTTd4GBQ2bdjEJdtFE3QsKCmCqAz9wfLec05ahv4aogLqDt6DFWWoq+E4HTk7bGVruNcMdOZosE6HMCoGHFxfPQmjdeDUCgHtXmy5aCKuBsyIIlW1vDfSlBfWfSnXAU95xmUOxxhjYOynw0zT4vMULFBNY2Atm+ZlmzjeXGSiogG8eIO7iYPbwSFEFT4tm2bRtU2JywjUPVSWEkY5ZkorjLZhTMMz9zuU5/JkyGlHCNMiyrD35Gto5v/t4tOVS2SiSdW+aU5pT8ccIpX4AEjgAKVtg7CC8IC2ck+orm79f9SmKZSNBB3yB6CYi2y7xj1TnVUVo1dCo5wro3qIlRpdVq8QTklV2wsd+bUTsMehkKYREMcSgCpdF7rjB61g38z55GbfwCK1FEIdlSiIFLa/nZu7DGfEBDwiHvw/khD1qogv4dlPAchkJaqGHczPXSa/uCYyW68YZx9kOwU7OS+pxkmKiykLVY3fs/JRWG/ovEJ8SIcojI4P++6sltkzXfnTSV7LjuPFXDJ9G3RviylSSPQ1dnVp1iGDyLKSNM79lADTjuCifxRSOp+GFDyUVOR9GmTafAd8PjjyCkqdb/K2D3i4oDsMp0i8A9KvthulV4DWPqVc5uvk0uRRyerGr7IL9vFCx4Rjl9ctbYGBZoO56dPTzqLvh4ehzsmZCRbWazrauy0ICjILX3Aid14r56SyBkY0RXuz9fagk/IKmaGbqnEAWpO3Ry02O36ZL+XfpH34rNC+K9jkPrvLcfQtQtSM9thzlJBQxf1Ng+dTrtZPOF+ba8RC4ddP8tvy+N7mAAxq56lDZtNfOWIUm0zon8vhZrD5e2LqeJiWF8LHA+6MqFeltpYu9MWdAyJ7e5l0p0JAt/V3W6Zmftb/nWceBTna/71BnWflkqPmkNj3Q4zvYD8ggepzFYHSLBfc4/hiPlclnHluKojZHN6XCuLSCoVsZCK5puQ/vRBCKgY3ZqPUU=', 'Ejc/wh/cFXJ5qHTkyDpzvg=='),
  (4, 4, '-----BEGIN PUBLIC KEY-----
MIIBIjANBgkqhkiG9w0BAQEFAAOCAQ8AMIIBCgKCAQEArIcDUGDTXa0eX9ZPsaUI
LtdmNYexWtc+FrNl8zP5OIaQd4zJhK6UYbirjwrfFPwaF1nSKM2kIRpRaOsAAp3L
sZkyLL62tA1eyQJwG0Bl8PfMi21TfGOHyMEpyb2Wjx3mUNmJOzKMZJ7Klj+F+G4Y
of2YbCzDF2AK3xqQa0k73KWuG98c6FG8vUNt3GDFtu+c/c0YAogOrspT1JcLQaEg
ae1LAJSUptHsrM1GpJhxaRsDnSkjhofAJFleyRmjqcydW8dSsKJEUZmKOZSWjKeA
3wgEE1H6YmDbXhTfzJBNRa933pCGgnYhVIw7a9ckTcNjV4Yc8/xunBCcAqvUp1Gy
HQIDAQAB
-----END PUBLIC KEY-----
', '5a/u/orDGPnCgP1DVW6ETA==:jwZgx72q2p/iZTyLrjylZQ==:+juMh1VZKYx0/++lOlXBdU4dCV+XJ3jjKUOChEF9nPoiFrF+vu9JiCbXsm0XczlGWAzRwz5w8MiYE0pNCBDsDE2GKYiYokvbFO+kaDjb56Ft0ILWy4j7mSWEy5owJngf+qHI+nayPm+2loqRScrcNObv0PzJAb7GQaAEfb6RCf3cE81GO9AQaQa+8TYWRm7/5CzSXjWGwR39N8b8naNcatjYZHQuR6FB+tJ8e1vEeij0I9NHkxER16q1bMR3yzlvrndkQjMh226tYB6JdnKEfG6sJxJwbv4PDzuPnFVjHLNZMMyt6Y4uJjWGE8wBeNnQUYVPTHTe2MO53MVCl4Lwx8Uif5AgD8pqypat/oIox/FYXj56WLOjtpVkd3sC0yxRB6iK0K98oemGmGO30gmtZpXiebf5neht45+EInoXQQh1/wQnYD4X6dVRFjR0x3g9Ok7r5DaJMqngB9uA5ZCFsv/tFeANZQybx/+8nzDSPApyKFZ8nkzDi1kt4beCi26Q2yJTAJBkv+6hDJ3UvjYpxN4jnLMEk3DF1sUyWoA0y+/xG5bxynQ0EoW3pKFe/pabA0NtARD2XjqmwVdcckxF9dKOl0UWknCuW4/YfbjCQCbrk2dfvf0w9dhC6VCkxFrxX2poFwbTf1/LZHcc0y+ggDqKdutmnm1XVt65qwhE43mbljGZKhFOahWakVpL2xRhLitHEHlyes2XvT8+0o3G61+H+Qe9QwJkHpgLY8dR1ulmxzwL8wdVdtHWULxiJYwryL2xbDSraCx0m9iCgraZ+y9UZWRp+cZodAxnnL26YUL1HWr2rGy3A0id2bD0WNI4boG6dPoNRYVNv5EGBwShy7xPUUM7+UA1YGOp6jqUtnAWzG+fT0TPfLaqcN8wW+5jBm67QnzLI5a1cs1vHhlHRjRU/38WjxbHk+ZXC/eMRmNsnZUqaUayO1dRIgOpMmKyWw9aj647FMxOY2mmuVqd8oVIR2tLX34akiunCjdNaDR0wDEfckLtJBBFwWgBi6RVi/vNS8+iulbmGCM/GL+spAg9ytHEDwQFcAodh7g9K0o8+kMsIjIrRifmIa8yBdig3jTLeXtnNhKyPXJ59MkCVV2NU3tdNKh/i/pJ5W/wiN82lMG6QDWSaUVKjRbZPwOx842PmL5sS+2Igak8eMfB8hkv+jHW8DZuCXpeqScmjE9dScOxaqfqkjTVIggrdTy7E+SWHtoLOdTHqJ19B+IY0yHpbzSN6O4+tobs/P02OJY04tpbcQQtIPvu/J4BR8P0KTog/UO5uWtPtePELKsRs9xuJdSnO3/cjkL20oqQp1gR5MA0N/9kEmchhyzRQpYGg+v+H8Xxq9w2pQABUP0TLJBMlcRxy6jEwjQXqF9WggSNO3uiW2o9WLrZ6S0lH6wS2v9Bl2wgkwwBRCEP0YRoYosHRfV5ESx2mLOXB7T/G40tpama+xmzrkyrvuTLYolsIjaHvF9d5XUBKCysPyspIRe787yein9b+d7tQLP1bz3Q13VxLzFxKtEAenk8jSRKusbIoNoZW/+NZKCwNARCj0AlmDeU7QrKw5TIpGrqJalcQ9Ajjf8/KgishtIUButbkq+z+p9zPhTDhe8g/5IwlW4BwQuKlXBy7M4rlShqOliXxFfgSTLusU75ws+fi18VRFiHLWxnfwHn+gWGkOIIyThXN5RO8Ju+gdyz9/qYgpHaaeuZAPOALvcoKnGuZzCgqEJxAsSA3rNGZE6beqFJfMDleT8IL0oOW5OakKJhLcmST7/cBva+iwT3Hseh9Hq0xpn59Gqphu0ZULlKOyiQGbmTlWdsbZXe3X9zulvH2vAhkLk5Vfs4m6R3F/ib+NNdDf0ZRjFqKL+J8tUoctI3+iMzWX3dWH6V2zETuFy33LiiZ2qU9jPmUUQ4Bn03qJ1U8/9QgkBnWDP17p1rUUDeg/pCYP89lpDUSntg/4YQf2LbuNL+sgMxWtw035b3OcVKOLsORxPvFik2Uv1HcYFXX+PGfrfv/rZIO2FkPEUzPGuMaByyuWecXpWEha1kZfd7HhobJrEjKWbyU4k92lwaNUeqvCOvaMtygtbwnddJVPXCPug5u8ZWQXYNykpbXd/pAII0DfCytPKk4Ji76OV5KLu1fWfMT5HxHflIYGRKR1qAizp2Fr4H93RIF2lVexlB8FqsyBEQO2nbsI0TouNl4fmFHQ+U4ZVvl8k85qGwyYNMFgAyDYYxXrXKei1HyW4jSC+PsSrWIZq41o4xT301O05Xz6zEbtX160LMiqaB9uM=', 'jwZgx72q2p/iZTyLrjylZQ==');

INSERT INTO contratos (id_contrato, texto_contrato, data_criacao, data_desbloqueio, algoritmo_cifra, estado) VALUES
  (1, 'Laptop Temporary Loan

One-semester laptop loan for academic work.', '2026-03-15 10:30:00', NULL, 'AES-256-CBC', 'concluido'),
  (2, 'Textbook Loan Contract

Borrowing contract for two engineering textbooks.', '2026-01-18 14:00:00', NULL, 'AES-256-CBC', 'concluido'),
  (3, 'Prototype Components Exchange

Private exchange agreement for electronics components.', '2026-03-29 16:15:00', NULL, 'AES-256-CBC', 'ativo'),
  (4, 'Payment Agreement

Bruno agrees to repay Ana 10 euros tomorrow.', '2026-04-02 09:45:00', NULL, 'AES-256-CTR', 'ativo'),
  (5, 'Encrypted Draft Agreement

Ciphertext placeholder for a temporarily hidden contract.', '2026-04-07 18:20:00', '2026-12-31 23:59:59', 'AES-256-CBC', 'ativo');

INSERT INTO assinaturas_contrato (id_contrato, id_utilizador, tipo_assinante, assinatura_digital, data_assinatura) VALUES
  (1, 1, 'proponente', 'D0XQaZAQ32AJp3Iz5xALmLgssAlecVSiCLkmh72UoZqVa+acQ9zLRgri973sX6YNDXibbqDpFzRWoGSKeRJGoAXt0FSBMSCFjo3T4k5un4CHFFwW7j/M+pTCHPAc9jnRxU1crAfGXesyoJlTXb/9KDZVVfuTOnFsIFwsK7bru5xnteYmPbfjCzFa5EZTk28ufXH07uWfgpJ2hyR2rxd5K300i6fA2ZVOxG3ush3e0LSLMeI5sIqMiBHDiMmYPdifYgBT6DHbXx2IPzk93xxUtmPP/Ak5yEfnrbRAgAQ4FZQ9fhps/qC1F5VvrivzOlv4Ah9Jrc2OExlPJkBGaJdnoA==', '2026-03-15 10:30:00'),
  (1, 2, 'aceitante', 'QHcdZJS7TxuDwVZKBJzOWG03xLYItm617zarRwAzg9gyqno4pd7RPsXMT8fm78O9+G3uf4ksv0hyO3LXkFJAivftYAnBkznx39MTfknCBVjyhkJLhHLptpNVcd6eJQvJISpiWs4IXgdk8S2Kjceb7DlsB/qGqLhnn2Am45gzrXOY+CqnMNsJwo2rAxw9HlvEjCi0iXZbzlRnRrYUFTV01QBD48qEG+2BNNPVuGZmbrbifm/wDhLgCCmNF3cyFs3IAy+CUFVE3C62yE6qqldP8JpI9eJsfHfKG/brdxxI6oBJyKZQS+CkrELTsHhD003Tg2hVRans2kmyf8K8Pf2hBg==', '2026-03-15 10:30:00'),
  (2, 4, 'proponente', 'XaRiMAchlAlVENZ20wdincvnMlyY/rQ8atJdjOxjjDaPLuKOPff/PbKpyK4KkQFLveqDw5I6GvHAkO3rGbjw7uy1b2BAIX8Vy0uaVpWYHR1beltVVuS6vteTIYd0gnU/kMglC/GRo34ClSkwTgAkH4DV4XZDQUw8MD/mmZKVZ0vOxr649uZtKV167Ppa6GvndEukvhQ3I8e4THHZaD5AVmo1VX1hXWGLtwMmCvJCg70T7EIkrkuysL+tecmk6cqynH27/iY5CRBMYgN3LN0zpRnNNKfW9m+SMTveyGPra5sJfC3wF5AzqcBbi3VMpzFa367IBKwj0jQAqwfhgogTQQ==', '2026-01-18 14:00:00'),
  (2, 1, 'aceitante', 'kspd9pZSu2qEcQ35ff4sZ7ioXvjmtaamYYbW33yjxFcmBiKb7fhDS3HTGO/8sJGtw1Tf9iIe1APEQuM00gzAy3vYFC22rKfpu7M3HbgNjuS6OSI3rurQlGnDsrRlJ/jzP2xqY8O1q1t7N39UmA0YVYtvAtjohW9aswU5cYOJbsJJtKaRmA3P/pnBZjchPU4zpRoQOb522vsAMquEUDIA33zVYd22BHFeoFvTNTlTIcxLsrcy7EgFCABKnt2JMkxiA99zqj1MXVL4RRJ8PuBmZ+I+Rhm/ejbSdCHn1fa4KIK/0a2ADpkAXEQX+f7+CqR8iyjfMFnGHT8zJKOVzRGO1g==', '2026-01-18 14:00:00'),
  (3, 1, 'proponente', 'rs24bzA8uD6gUehjpDkv4H9TvDkYJFTzZjNWNl9kxw4zPMrWKUP1lizQzIPD7u4pxanwgRpi5g1eehHeol3bJ1N54uEO9Kkkxb/2V4zNwx7c8Ifw18uLMmPF/ysElUiH4SNv8cL/Gp4fchlcu00mCE6NSYNPuGj/1xL/HRYsWvqNKhivGy4Bz7+VttRL2179LfRPofUBt69ZI/U0tSdfQ90On4+/mHe9tjWYwnLeKs3LUJeq0K9WGhzfxFaR9iPdRGSEkgN9MLKQ45+2kW2yMjFe5XuG246cnX4n5wjR+fTbG2VB2VcDA0R0tc+sp1TACARNVNeG8N7vdTLT0ikk7Q==', '2026-03-29 16:15:00'),
  (3, 3, 'aceitante', NULL, NULL),
  (4, 2, 'proponente', 'Svyx0Sn0M2G2VoCwgnXj9WS6Im7gaMvtDbkipbDcTWVcY24LBdGUFBtXSfYp7QLn5EQwHtdw90M3ciz8S1kylhKbTmqDqJzQNbzkSSxpgWlU68Znxy4dYp/9RbZEuRlP6g6KgNV6s8mcrVW/Eob80FkuX0sceupXqHqlX/CTbfb+gcQo1diEFPGN+1z1/vUKM40+VvvyI2/5C0zcYiI9AYfjjM736tpThJldLNXuqx+CUyv6RkJ5BjnRR8ZHej3LIX/oGPkVSFYE2wsVJFcnlZYryzDv4H4n/AlZEI7aVhwSRU6KfXp1ms5pudbEsWaooufErdpPVoqb3k73oI4lQA==', '2026-04-02 09:45:00'),
  (4, 1, 'aceitante', NULL, NULL),
  (5, 3, 'proponente', 'XOlDFVN3nNUHkWfeZnbjwfnq4Uo5YhB/+YzHurFR/w2fT4+o6hKZQ7X1WWmTQ1kYu3Zww5yM7iaLVvHE2QnL9/cDE6mLyjIJics46JJA2CNzvN6kiJDIxC5+5EBZUB6K7vTDEApEadZBJV3NSTTZqDpY79TOEqLHJs1mzLT5ged3jSEjxpu3+FW3i/sVu5so3zgrs2HPNrRmlgtuL+Tz8fFdQa0/opSwSus1dv+wW2QtI7QkjP10y1KdVVx+4dXSoNeF66Xu1AT8U2zdp+fQJy71Djs+VM5vFLGg27KhMz9nzqgN+D/NqrMnt+GLS9U8u/RMt+8iq5je/lj1dcfyjw==', '2026-04-07 18:20:00'),
  (5, 4, 'aceitante', NULL, NULL);

ALTER TABLE utilizadores AUTO_INCREMENT = 100;
ALTER TABLE contratos AUTO_INCREMENT = 100;
