USE EUPagoAmanhaDB;

SET SQL_SAFE_UPDATES = 0;
SET FOREIGN_KEY_CHECKS = 0;
DELETE FROM password_history;
DELETE FROM assinaturas_contrato;
DELETE FROM contratos;
DELETE FROM chaves_utilizador;
DELETE FROM utilizadores;
ALTER TABLE password_history AUTO_INCREMENT = 1;
ALTER TABLE assinaturas_contrato AUTO_INCREMENT = 1;
ALTER TABLE contratos AUTO_INCREMENT = 1;
ALTER TABLE chaves_utilizador AUTO_INCREMENT = 1;
ALTER TABLE utilizadores AUTO_INCREMENT = 1;
SET FOREIGN_KEY_CHECKS = 1;
SET SQL_SAFE_UPDATES = 1;

INSERT INTO utilizadores (id, nome, email, password_hash, data_registo, mfa_enabled, mfa_secret, password_changed_at, must_change_password) VALUES
(1, 'Ana Silva', 'ana@example.com', 'scrypt:32768:8:1$demo$demo', '2026-01-02 09:00:00', FALSE, NULL, '2026-01-02 09:00:00', FALSE),
(2, 'Bruno Costa', 'bruno@example.com', 'scrypt:32768:8:1$demo$demo', '2026-01-03 09:00:00', FALSE, NULL, '2026-01-03 09:00:00', FALSE),
(3, 'Carla Mendes', 'carla@example.com', 'scrypt:32768:8:1$demo$demo', '2026-01-04 09:00:00', FALSE, NULL, '2026-01-04 09:00:00', FALSE),
(4, 'Diogo Ferreira', 'diogo@example.com', 'scrypt:32768:8:1$demo$demo', '2026-01-05 09:00:00', FALSE, NULL, '2026-01-05 09:00:00', FALSE),
(5, 'Inês Rocha', 'ines@example.com', 'scrypt:32768:8:1$demo$demo', '2026-01-06 09:00:00', FALSE, NULL, '2026-01-06 09:00:00', FALSE),
(6, 'Miguel Santos', 'miguel@example.com', 'scrypt:32768:8:1$demo$demo', '2026-01-07 09:00:00', FALSE, NULL, '2026-01-07 09:00:00', FALSE),
(7, 'Sofia Almeida', 'sofia@example.com', 'scrypt:32768:8:1$demo$demo', '2026-01-08 09:00:00', FALSE, NULL, '2026-01-08 09:00:00', FALSE),
(8, 'Rui Martins', 'rui@example.com', 'scrypt:32768:8:1$demo$demo', '2026-01-09 09:00:00', FALSE, NULL, '2026-01-09 09:00:00', FALSE),
(9, 'Beatriz Lopes', 'beatriz@example.com', 'scrypt:32768:8:1$demo$demo', '2026-01-10 09:00:00', FALSE, NULL, '2026-01-10 09:00:00', FALSE),
(10, 'Tiago Nunes', 'tiago@example.com', 'scrypt:32768:8:1$demo$demo', '2026-01-11 09:00:00', FALSE, NULL, '2026-01-11 09:00:00', FALSE),
(11, 'Mariana Sousa', 'mariana@example.com', 'scrypt:32768:8:1$demo$demo', '2026-01-12 09:00:00', FALSE, NULL, '2026-01-12 09:00:00', FALSE),
(12, 'João Pereira', 'joao@example.com', 'scrypt:32768:8:1$demo$demo', '2026-01-13 09:00:00', FALSE, NULL, '2026-01-13 09:00:00', FALSE),
(13, 'Leonor Castro', 'leonor@example.com', 'scrypt:32768:8:1$demo$demo', '2026-01-14 09:00:00', FALSE, NULL, '2026-01-14 09:00:00', FALSE),
(14, 'Pedro Moreira', 'pedro@example.com', 'scrypt:32768:8:1$demo$demo', '2026-01-15 09:00:00', FALSE, NULL, '2026-01-15 09:00:00', FALSE),
(15, 'Marta Figueiredo', 'marta@example.com', 'scrypt:32768:8:1$demo$demo', '2026-01-16 09:00:00', FALSE, NULL, '2026-01-16 09:00:00', FALSE),
(16, 'Gonçalo Ribeiro', 'goncalo@example.com', 'scrypt:32768:8:1$demo$demo', '2026-01-17 09:00:00', FALSE, NULL, '2026-01-17 09:00:00', FALSE),
(17, 'Cláudia Teixeira', 'claudia@example.com', 'scrypt:32768:8:1$demo$demo', '2026-01-18 09:00:00', FALSE, NULL, '2026-01-18 09:00:00', FALSE),
(18, 'Nuno Carvalho', 'nuno@example.com', 'scrypt:32768:8:1$demo$demo', '2026-01-19 09:00:00', FALSE, NULL, '2026-01-19 09:00:00', FALSE),
(19, 'Rita Fernandes', 'rita@example.com', 'scrypt:32768:8:1$demo$demo', '2026-01-20 09:00:00', FALSE, NULL, '2026-01-20 09:00:00', FALSE),
(20, 'André Barros', 'andre@example.com', 'scrypt:32768:8:1$demo$demo', '2026-01-21 09:00:00', FALSE, NULL, '2026-01-21 09:00:00', FALSE);

INSERT INTO chaves_utilizador (id, id_utilizador, public_key, encrypted_private_key, private_key_salt, private_key_iv, private_key_algorithm, data_criacao) VALUES
(1, 1, '-----BEGIN PUBLIC KEY-----\\nO/aNHKT8O1F2NVokHCkoIyG2tcbrkdB65JreRcEqIltLWZAMPb/ZpboM0fE9mPY2\\nK2D/CSCgtMrSyrB0lV/FDzv2jRyk/DtRdjVaJBwpKCMhtrXG65HQeuSa3kXBKiJb\\nS1mQDD2/2aW6DNHxPZj2Nitg/wkgoLTK0sqwdJVfxQ879o0cpPw7UXY1WiQcKSgj\\nIba1xuuR0Hrkmt5FwSoiW0tZkAw9v9mlugzR8T2Y9jYrYP8JIKC0ytLKsHSVX8UP\\nO/aNHKT8O1F2NVokHCkoIyG2tcbrkdB65JreRcEqIltLWZAMPb/ZpboM0fE9mPY2\\nK2D/CSCgtMrSyrB0lV/FDzv2jRyk/DtRdjVaJBwpKCMhtrXG65HQeuSa3kXBKiJb\\nS1mQDD2/2aW6DNHxPZj2Nitg/wkgoLTK0sqwdJVfxQ879o0cpPw7UXY1WiQcKSgj\\nIba1xuuR0Hrkmt5FwSoiW0tZkAw9v9mlugzR8T2Y9jYrYP8JIKC0ytLKsHSVX8UP\\n-----END PUBLIC KEY-----', '8qpemgxEomK92r5Hu5yfUCFPQhjfefQBEN65ZSnItGa1K3cMh3UwC6VtN5weGD/zvzXKGpQGGI3TCGJe14CSU/KqXpoMRKJivdq+R7ucn1AhT0IY33n0ARDeuWUpyLRmtSt3DId1MAulbTecHhg/8781yhqUBhiN0whiXteAklPyql6aDESiYr3avke7nJ9QIU9CGN959AEQ3rllKci0ZrUrdwyHdTALpW03nB4YP/O/NcoalAYYjdMIYl7XgJJT8qpemgxEomK92r5Hu5yfUCFPQhjfefQBEN65ZSnItGa1K3cMh3UwC6VtN5weGD/zvzXKGpQGGI3TCGJe14CSU/KqXpoMRKJivdq+R7ucn1AhT0IY33n0ARDeuWUpyLRmtSt3DId1MAulbTecHhg/8781yhqUBhiN0whiXteAklPyql6aDESiYr3avke7nJ9QIU9CGN959AEQ3rllKci0ZrUrdwyHdTALpW03nB4YP/O/NcoalAYYjdMIYl7XgJJT8qpemgxEomK92r5Hu5yfUCFPQhjfefQBEN65ZSnItGa1K3cMh3UwC6VtN5weGD/zvzXKGpQGGI3TCGJe14CSU/KqXpoMRKJivdq+R7ucn1AhT0IY33n0ARDeuWUpyLRmtSt3DId1MAulbTecHhg/8781yhqUBhiN0whiXteAklM=', 'lneDgZnxLTb17pcdSfaKvGgoKWjWlvkJFXC+bZtzCgeWd4OB', 'sPfvgbCKSor5KNKLwuTbYoyGtQ3UFBXp', 'AES-256-CBC', '2026-01-02 10:00:00'),
(2, 2, '-----BEGIN PUBLIC KEY-----\\njX5IRsclhXPXDfrv5vxbC/T3JYbfr3LnlQTIdlg0Xy8oJyw6R/CDSCQX5I7JAdqH\\nGwqyhNh64FFLXPICN7QGAY1+SEbHJYVz1w367+b8Wwv09yWG369y55UEyHZYNF8v\\nKCcsOkfwg0gkF+SOyQHahxsKsoTYeuBRS1zyAje0BgGNfkhGxyWFc9cN+u/m/FsL\\n9Pclht+vcueVBMh2WDRfLygnLDpH8INIJBfkjskB2ocbCrKE2HrgUUtc8gI3tAYB\\njX5IRsclhXPXDfrv5vxbC/T3JYbfr3LnlQTIdlg0Xy8oJyw6R/CDSCQX5I7JAdqH\\nGwqyhNh64FFLXPICN7QGAY1+SEbHJYVz1w367+b8Wwv09yWG369y55UEyHZYNF8v\\nKCcsOkfwg0gkF+SOyQHahxsKsoTYeuBRS1zyAje0BgGNfkhGxyWFc9cN+u/m/FsL\\n9Pclht+vcueVBMh2WDRfLygnLDpH8INIJBfkjskB2ocbCrKE2HrgUUtc8gI3tAYB\\n-----END PUBLIC KEY-----', 'RIvvU6n3flb5wsv/PM8iCY+7jL80wc20RbB7S48RaP//opyambrERuwcExLGpk2YRGwtASzHokBLZIcEUXrIsUSL71Op935W+cLL/zzPIgmPu4y/NMHNtEWwe0uPEWj//6Kcmpm6xEbsHBMSxqZNmERsLQEsx6JAS2SHBFF6yLFEi+9Tqfd+VvnCy/88zyIJj7uMvzTBzbRFsHtLjxFo//+inJqZusRG7BwTEsamTZhEbC0BLMeiQEtkhwRResixRIvvU6n3flb5wsv/PM8iCY+7jL80wc20RbB7S48RaP//opyambrERuwcExLGpk2YRGwtASzHokBLZIcEUXrIsUSL71Op935W+cLL/zzPIgmPu4y/NMHNtEWwe0uPEWj//6Kcmpm6xEbsHBMSxqZNmERsLQEsx6JAS2SHBFF6yLFEi+9Tqfd+VvnCy/88zyIJj7uMvzTBzbRFsHtLjxFo//+inJqZusRG7BwTEsamTZhEbC0BLMeiQEtkhwRResixRIvvU6n3flb5wsv/PM8iCY+7jL80wc20RbB7S48RaP//opyambrERuwcExLGpk2YRGwtASzHokBLZIcEUXrIsUSL71Op935W+cLL/zzPIgmPu4y/NMHNtEWwe0uPEWj//6Kcmpm6xEbsHBMSxqZNmERsLQEsx6JAS2SHBFF6yLE=', 'E0t5IJHl4s3imATzCsWnYh2Hl32q2tXSkZckcg8kn0gTS3kg', 'DIstHXopglnDCKmzv/moQlydHU0WvhNL', 'AES-256-CBC', '2026-01-03 10:00:00'),
(3, 3, '-----BEGIN PUBLIC KEY-----\\nyLROGeCuuhaY4jTGPpw3tAq50lbtLqeDJfIVNwS1JXmISXM0gsF/ZPmDymyMivgw\\nM4l8rOxCjELr6z+GJGPzQsi0ThngrroWmOI0xj6cN7QKudJW7S6ngyXyFTcEtSV5\\niElzNILBf2T5g8psjIr4MDOJfKzsQoxC6+s/hiRj80LItE4Z4K66FpjiNMY+nDe0\\nCrnSVu0up4Ml8hU3BLUleYhJczSCwX9k+YPKbIyK+DAziXys7EKMQuvrP4YkY/NC\\nyLROGeCuuhaY4jTGPpw3tAq50lbtLqeDJfIVNwS1JXmISXM0gsF/ZPmDymyMivgw\\nM4l8rOxCjELr6z+GJGPzQsi0ThngrroWmOI0xj6cN7QKudJW7S6ngyXyFTcEtSV5\\niElzNILBf2T5g8psjIr4MDOJfKzsQoxC6+s/hiRj80LItE4Z4K66FpjiNMY+nDe0\\nCrnSVu0up4Ml8hU3BLUleYhJczSCwX9k+YPKbIyK+DAziXys7EKMQuvrP4YkY/NC\\n-----END PUBLIC KEY-----', 'jgOVbzBEf+hi2NIdxposzDd/mx520nQ2IYh3EXUAeyXUQ48MwSo4RTnCE664oOxbOPcdEqrwErayrqd9Ak8+II4DlW8wRH/oYtjSHcaaLMw3f5sedtJ0NiGIdxF1AHsl1EOPDMEqOEU5whOuuKDsWzj3HRKq8BK2sq6nfQJPPiCOA5VvMER/6GLY0h3GmizMN3+bHnbSdDYhiHcRdQB7JdRDjwzBKjhFOcITrrig7Fs49x0SqvAStrKup30CTz4gjgOVbzBEf+hi2NIdxposzDd/mx520nQ2IYh3EXUAeyXUQ48MwSo4RTnCE664oOxbOPcdEqrwErayrqd9Ak8+II4DlW8wRH/oYtjSHcaaLMw3f5sedtJ0NiGIdxF1AHsl1EOPDMEqOEU5whOuuKDsWzj3HRKq8BK2sq6nfQJPPiCOA5VvMER/6GLY0h3GmizMN3+bHnbSdDYhiHcRdQB7JdRDjwzBKjhFOcITrrig7Fs49x0SqvAStrKup30CTz4gjgOVbzBEf+hi2NIdxposzDd/mx520nQ2IYh3EXUAeyXUQ48MwSo4RTnCE664oOxbOPcdEqrwErayrqd9Ak8+II4DlW8wRH/oYtjSHcaaLMw3f5sedtJ0NiGIdxF1AHsl1EOPDMEqOEU5whOuuKDsWzj3HRKq8BK2sq6nfQJPPiA=', 'eBUw5k0aoPKhvhZQrVeqky1HeNgkm2qfRo7kq4qL87Z4FTDm', 'AZWK00f/xwkNBg3IU3PRdWH6a7o8OpJO', 'AES-256-CBC', '2026-01-04 10:00:00'),
(4, 4, '-----BEGIN PUBLIC KEY-----\\nei45uq0VyXr4WEQLlUUoAV1MpkeKpQxRUodAmDjK4/p3v7LNc9ZYinvk04OcBqdH\\n+22JrX2WJ6jeRvQ0cPqb4nouObqtFcl6+FhEC5VFKAFdTKZHiqUMUVKHQJg4yuP6\\nd7+yzXPWWIp75NODnAanR/ttia19lieo3kb0NHD6m+J6Ljm6rRXJevhYRAuVRSgB\\nXUymR4qlDFFSh0CYOMrj+ne/ss1z1liKe+TTg5wGp0f7bYmtfZYnqN5G9DRw+pvi\\nei45uq0VyXr4WEQLlUUoAV1MpkeKpQxRUodAmDjK4/p3v7LNc9ZYinvk04OcBqdH\\n+22JrX2WJ6jeRvQ0cPqb4nouObqtFcl6+FhEC5VFKAFdTKZHiqUMUVKHQJg4yuP6\\nd7+yzXPWWIp75NODnAanR/ttia19lieo3kb0NHD6m+J6Ljm6rRXJevhYRAuVRSgB\\nXUymR4qlDFFSh0CYOMrj+ne/ss1z1liKe+TTg5wGp0f7bYmtfZYnqN5G9DRw+pvi\\n-----END PUBLIC KEY-----', 'ipefEeYRqlAP3unEVoX75bF21JKfpBA/rJq0+g7usK+7C/gpwjT7fUjKTsIn4NtEISd1NJ1Cu7hVnqhUY80lRoqXnxHmEapQD97pxFaF++WxdtSSn6QQP6yatPoO7rCvuwv4KcI0+31Iyk7CJ+DbRCEndTSdQru4VZ6oVGPNJUaKl58R5hGqUA/e6cRWhfvlsXbUkp+kED+smrT6Du6wr7sL+CnCNPt9SMpOwifg20QhJ3U0nUK7uFWeqFRjzSVGipefEeYRqlAP3unEVoX75bF21JKfpBA/rJq0+g7usK+7C/gpwjT7fUjKTsIn4NtEISd1NJ1Cu7hVnqhUY80lRoqXnxHmEapQD97pxFaF++WxdtSSn6QQP6yatPoO7rCvuwv4KcI0+31Iyk7CJ+DbRCEndTSdQru4VZ6oVGPNJUaKl58R5hGqUA/e6cRWhfvlsXbUkp+kED+smrT6Du6wr7sL+CnCNPt9SMpOwifg20QhJ3U0nUK7uFWeqFRjzSVGipefEeYRqlAP3unEVoX75bF21JKfpBA/rJq0+g7usK+7C/gpwjT7fUjKTsIn4NtEISd1NJ1Cu7hVnqhUY80lRoqXnxHmEapQD97pxFaF++WxdtSSn6QQP6yatPoO7rCvuwv4KcI0+31Iyk7CJ+DbRCEndTSdQru4VZ6oVGPNJUY=', 'D8Wpkita6dm4a886XxzMf36IjZopuKM/8cJ7AcbNx8gPxamS', 'kqkdP+I7frlkJ6qZYyrlrMkyJj96gOsV', 'AES-256-CBC', '2026-01-05 10:00:00'),
(5, 5, '-----BEGIN PUBLIC KEY-----\\nW7YjQ/sGPhPHsEWXt9sEGAqjm2fEo2IUflvRKOB+cHCdZ2OaedUPnLmntUERr2Il\\nzGg/pKTLLLXU/oK7CF+LJVu2I0P7Bj4Tx7BFl7fbBBgKo5tnxKNiFH5b0SjgfnBw\\nnWdjmnnVD5y5p7VBEa9iJcxoP6Skyyy11P6CuwhfiyVbtiND+wY+E8ewRZe32wQY\\nCqObZ8SjYhR+W9Eo4H5wcJ1nY5p51Q+cuae1QRGvYiXMaD+kpMsstdT+grsIX4sl\\nW7YjQ/sGPhPHsEWXt9sEGAqjm2fEo2IUflvRKOB+cHCdZ2OaedUPnLmntUERr2Il\\nzGg/pKTLLLXU/oK7CF+LJVu2I0P7Bj4Tx7BFl7fbBBgKo5tnxKNiFH5b0SjgfnBw\\nnWdjmnnVD5y5p7VBEa9iJcxoP6Skyyy11P6CuwhfiyVbtiND+wY+E8ewRZe32wQY\\nCqObZ8SjYhR+W9Eo4H5wcJ1nY5p51Q+cuae1QRGvYiXMaD+kpMsstdT+grsIX4sl\\n-----END PUBLIC KEY-----', 'x5UucX6yIm6JgpWhCB/o7G/Fl2yiPSzkMnN/oYRwEe662ldlJZ3ryvBY48AXbBvOUEshJRGvkhHoFVON1BRxvseVLnF+siJuiYKVoQgf6OxvxZdsoj0s5DJzf6GEcBHuutpXZSWd68rwWOPAF2wbzlBLISURr5IR6BVTjdQUcb7HlS5xfrIibomClaEIH+jsb8WXbKI9LOQyc3+hhHAR7rraV2UlnevK8FjjwBdsG85QSyElEa+SEegVU43UFHG+x5UucX6yIm6JgpWhCB/o7G/Fl2yiPSzkMnN/oYRwEe662ldlJZ3ryvBY48AXbBvOUEshJRGvkhHoFVON1BRxvseVLnF+siJuiYKVoQgf6OxvxZdsoj0s5DJzf6GEcBHuutpXZSWd68rwWOPAF2wbzlBLISURr5IR6BVTjdQUcb7HlS5xfrIibomClaEIH+jsb8WXbKI9LOQyc3+hhHAR7rraV2UlnevK8FjjwBdsG85QSyElEa+SEegVU43UFHG+x5UucX6yIm6JgpWhCB/o7G/Fl2yiPSzkMnN/oYRwEe662ldlJZ3ryvBY48AXbBvOUEshJRGvkhHoFVON1BRxvseVLnF+siJuiYKVoQgf6OxvxZdsoj0s5DJzf6GEcBHuutpXZSWd68rwWOPAF2wbzlBLISURr5IR6BVTjdQUcb4=', 'rmPxz8BdByMGnVaztezIiD7ghhSUfCBDzQpElcs/JAGuY/HP', 'vmWapGu6rhJNexnRtgCSNDlO7As8whic', 'AES-256-CBC', '2026-01-06 10:00:00'),
(6, 6, '-----BEGIN PUBLIC KEY-----\\nVz9J+8VV9nCjIQcL2P0eTdBb17kRjH/9KClKfHAFHMrCLTCT2I4HCCKi35tvuJgF\\ntfsH13YJhVtp2jleAMbHi1c/SfvFVfZwoyEHC9j9Hk3QW9e5EYx//SgpSnxwBRzK\\nwi0wk9iOBwgiot+bb7iYBbX7B9d2CYVbado5XgDGx4tXP0n7xVX2cKMhBwvY/R5N\\n0FvXuRGMf/0oKUp8cAUcysItMJPYjgcIIqLfm2+4mAW1+wfXdgmFW2naOV4AxseL\\nVz9J+8VV9nCjIQcL2P0eTdBb17kRjH/9KClKfHAFHMrCLTCT2I4HCCKi35tvuJgF\\ntfsH13YJhVtp2jleAMbHi1c/SfvFVfZwoyEHC9j9Hk3QW9e5EYx//SgpSnxwBRzK\\nwi0wk9iOBwgiot+bb7iYBbX7B9d2CYVbado5XgDGx4tXP0n7xVX2cKMhBwvY/R5N\\n0FvXuRGMf/0oKUp8cAUcysItMJPYjgcIIqLfm2+4mAW1+wfXdgmFW2naOV4AxseL\\n-----END PUBLIC KEY-----', 'kRL4vBvvoFEr3I8/Rc7jmSVQNr0iC+hOJJBA8WTGZWjRSBuZqXA7tuOQlftSotTZH4htgBrNiruXicMP4obzNpES+Lwb76BRK9yPP0XO45klUDa9IgvoTiSQQPFkxmVo0UgbmalwO7bjkJX7UqLU2R+IbYAazYq7l4nDD+KG8zaREvi8G++gUSvcjz9FzuOZJVA2vSIL6E4kkEDxZMZlaNFIG5mpcDu245CV+1Ki1NkfiG2AGs2Ku5eJww/ihvM2kRL4vBvvoFEr3I8/Rc7jmSVQNr0iC+hOJJBA8WTGZWjRSBuZqXA7tuOQlftSotTZH4htgBrNiruXicMP4obzNpES+Lwb76BRK9yPP0XO45klUDa9IgvoTiSQQPFkxmVo0UgbmalwO7bjkJX7UqLU2R+IbYAazYq7l4nDD+KG8zaREvi8G++gUSvcjz9FzuOZJVA2vSIL6E4kkEDxZMZlaNFIG5mpcDu245CV+1Ki1NkfiG2AGs2Ku5eJww/ihvM2kRL4vBvvoFEr3I8/Rc7jmSVQNr0iC+hOJJBA8WTGZWjRSBuZqXA7tuOQlftSotTZH4htgBrNiruXicMP4obzNpES+Lwb76BRK9yPP0XO45klUDa9IgvoTiSQQPFkxmVo0UgbmalwO7bjkJX7UqLU2R+IbYAazYq7l4nDD+KG8zY=', '+j8SSx0YbUG0cZGgVU/5pzdR5nhh83+sSw1X1IrEBB76PxJL', '8U7o/jQnM9fISnwiNfdVDA51SA3qx2HE', 'AES-256-CBC', '2026-01-07 10:00:00'),
(7, 7, '-----BEGIN PUBLIC KEY-----\\nz6hztXSLrkyM2dB/kVpfDerajxY49sJ5eAZLJoJia2PvMZt8vcgf8sOoIE0c5O6V\\nmJ7bLBPil4VElmNibOFTHM+oc7V0i65MjNnQf5FaXw3q2o8WOPbCeXgGSyaCYmtj\\n7zGbfL3IH/LDqCBNHOTulZie2ywT4peFRJZjYmzhUxzPqHO1dIuuTIzZ0H+RWl8N\\n6tqPFjj2wnl4BksmgmJrY+8xm3y9yB/yw6ggTRzk7pWYntssE+KXhUSWY2Js4VMc\\nz6hztXSLrkyM2dB/kVpfDerajxY49sJ5eAZLJoJia2PvMZt8vcgf8sOoIE0c5O6V\\nmJ7bLBPil4VElmNibOFTHM+oc7V0i65MjNnQf5FaXw3q2o8WOPbCeXgGSyaCYmtj\\n7zGbfL3IH/LDqCBNHOTulZie2ywT4peFRJZjYmzhUxzPqHO1dIuuTIzZ0H+RWl8N\\n6tqPFjj2wnl4BksmgmJrY+8xm3y9yB/yw6ggTRzk7pWYntssE+KXhUSWY2Js4VMc\\n-----END PUBLIC KEY-----', 'ESzLPnyBkhf2XMXT/OJO51+Z1ykcrEmP5TcW030drVh604fH+xGH2nYOO4jy9P+iVhqTQEudsrNs9J4LmP2+9hEsyz58gZIX9lzF0/ziTudfmdcpHKxJj+U3FtN9Ha1YetOHx/sRh9p2DjuI8vT/olYak0BLnbKzbPSeC5j9vvYRLMs+fIGSF/ZcxdP84k7nX5nXKRysSY/lNxbTfR2tWHrTh8f7EYfadg47iPL0/6JWGpNAS52ys2z0nguY/b72ESzLPnyBkhf2XMXT/OJO51+Z1ykcrEmP5TcW030drVh604fH+xGH2nYOO4jy9P+iVhqTQEudsrNs9J4LmP2+9hEsyz58gZIX9lzF0/ziTudfmdcpHKxJj+U3FtN9Ha1YetOHx/sRh9p2DjuI8vT/olYak0BLnbKzbPSeC5j9vvYRLMs+fIGSF/ZcxdP84k7nX5nXKRysSY/lNxbTfR2tWHrTh8f7EYfadg47iPL0/6JWGpNAS52ys2z0nguY/b72ESzLPnyBkhf2XMXT/OJO51+Z1ykcrEmP5TcW030drVh604fH+xGH2nYOO4jy9P+iVhqTQEudsrNs9J4LmP2+9hEsyz58gZIX9lzF0/ziTudfmdcpHKxJj+U3FtN9Ha1YetOHx/sRh9p2DjuI8vT/olYak0BLnbKzbPSeC5j9vvY=', 'A0gfQXhvSTvXSzOXT/MEhuq1GFUeIfJFmFB4Xojf12MDSB9B', 'Boh4YAXfcxqZF5jo88a7kJ2ONdljq2RJ', 'AES-256-CBC', '2026-01-08 10:00:00'),
(8, 8, '-----BEGIN PUBLIC KEY-----\\ncGnnXYrCnHuFYu2Zy/M7GcCcyybP/yCoMx4Db1PGRYBB+49crz15ZyVtjYn7ZVqe\\nukFts5r+lFTHcRndYRvQY3Bp512Kwpx7hWLtmcvzOxnAnMsmz/8gqDMeA29TxkWA\\nQfuPXK89eWclbY2J+2VanrpBbbOa/pRUx3EZ3WEb0GNwaeddisKce4Vi7ZnL8zsZ\\nwJzLJs//IKgzHgNvU8ZFgEH7j1yvPXlnJW2NiftlWp66QW2zmv6UVMdxGd1hG9Bj\\ncGnnXYrCnHuFYu2Zy/M7GcCcyybP/yCoMx4Db1PGRYBB+49crz15ZyVtjYn7ZVqe\\nukFts5r+lFTHcRndYRvQY3Bp512Kwpx7hWLtmcvzOxnAnMsmz/8gqDMeA29TxkWA\\nQfuPXK89eWclbY2J+2VanrpBbbOa/pRUx3EZ3WEb0GNwaeddisKce4Vi7ZnL8zsZ\\nwJzLJs//IKgzHgNvU8ZFgEH7j1yvPXlnJW2NiftlWp66QW2zmv6UVMdxGd1hG9Bj\\n-----END PUBLIC KEY-----', 'O2l1fXrqp0nCIx9N/0BlY/CbQmxdD2OXlaRElz2e1CAW9lpvQFLefyr7jwJeNYeWpkdbC6lvpEcuP3F7gD3D9TtpdX166qdJwiMfTf9AZWPwm0JsXQ9jl5WkRJc9ntQgFvZab0BS3n8q+48CXjWHlqZHWwupb6RHLj9xe4A9w/U7aXV9euqnScIjH03/QGVj8JtCbF0PY5eVpESXPZ7UIBb2Wm9AUt5/KvuPAl41h5amR1sLqW+kRy4/cXuAPcP1O2l1fXrqp0nCIx9N/0BlY/CbQmxdD2OXlaRElz2e1CAW9lpvQFLefyr7jwJeNYeWpkdbC6lvpEcuP3F7gD3D9TtpdX166qdJwiMfTf9AZWPwm0JsXQ9jl5WkRJc9ntQgFvZab0BS3n8q+48CXjWHlqZHWwupb6RHLj9xe4A9w/U7aXV9euqnScIjH03/QGVj8JtCbF0PY5eVpESXPZ7UIBb2Wm9AUt5/KvuPAl41h5amR1sLqW+kRy4/cXuAPcP1O2l1fXrqp0nCIx9N/0BlY/CbQmxdD2OXlaRElz2e1CAW9lpvQFLefyr7jwJeNYeWpkdbC6lvpEcuP3F7gD3D9TtpdX166qdJwiMfTf9AZWPwm0JsXQ9jl5WkRJc9ntQgFvZab0BS3n8q+48CXjWHlqZHWwupb6RHLj9xe4A9w/U=', '+hdeBmHAOuOAj0aAF6Abo4KHnnwHdPiDbdcHtbWv4tL6F14G', '0ZK3IPIhFo08MhWx876K72PGvVgCO/m5', 'AES-256-CBC', '2026-01-09 10:00:00'),
(9, 9, '-----BEGIN PUBLIC KEY-----\\nW6kGVF3vWfd4Xz9zIRKbomF34yObE6YKJCb2xv+DtWE9dnDHVlPWAqQRsoeh4To2\\nlK0yPZ9eFQsDaGb2+DxVZFupBlRd71n3eF8/cyESm6Jhd+MjmxOmCiQm9sb/g7Vh\\nPXZwx1ZT1gKkEbKHoeE6NpStMj2fXhULA2hm9vg8VWRbqQZUXe9Z93hfP3MhEpui\\nYXfjI5sTpgokJvbG/4O1YT12cMdWU9YCpBGyh6HhOjaUrTI9n14VCwNoZvb4PFVk\\nW6kGVF3vWfd4Xz9zIRKbomF34yObE6YKJCb2xv+DtWE9dnDHVlPWAqQRsoeh4To2\\nlK0yPZ9eFQsDaGb2+DxVZFupBlRd71n3eF8/cyESm6Jhd+MjmxOmCiQm9sb/g7Vh\\nPXZwx1ZT1gKkEbKHoeE6NpStMj2fXhULA2hm9vg8VWRbqQZUXe9Z93hfP3MhEpui\\nYXfjI5sTpgokJvbG/4O1YT12cMdWU9YCpBGyh6HhOjaUrTI9n14VCwNoZvb4PFVk\\n-----END PUBLIC KEY-----', 'pG7slNvhleZutXAtk/AzYXwOSEiihcLvT97QFAbYjWbz46xKhNaL1lRnSn8e/sIJDJ4hWALPaBNf4VL+vHsO66Ru7JTb4ZXmbrVwLZPwM2F8DkhIooXC70/e0BQG2I1m8+OsSoTWi9ZUZ0p/Hv7CCQyeIVgCz2gTX+FS/rx7DuukbuyU2+GV5m61cC2T8DNhfA5ISKKFwu9P3tAUBtiNZvPjrEqE1ovWVGdKfx7+wgkMniFYAs9oE1/hUv68ew7rpG7slNvhleZutXAtk/AzYXwOSEiihcLvT97QFAbYjWbz46xKhNaL1lRnSn8e/sIJDJ4hWALPaBNf4VL+vHsO66Ru7JTb4ZXmbrVwLZPwM2F8DkhIooXC70/e0BQG2I1m8+OsSoTWi9ZUZ0p/Hv7CCQyeIVgCz2gTX+FS/rx7DuukbuyU2+GV5m61cC2T8DNhfA5ISKKFwu9P3tAUBtiNZvPjrEqE1ovWVGdKfx7+wgkMniFYAs9oE1/hUv68ew7rpG7slNvhleZutXAtk/AzYXwOSEiihcLvT97QFAbYjWbz46xKhNaL1lRnSn8e/sIJDJ4hWALPaBNf4VL+vHsO66Ru7JTb4ZXmbrVwLZPwM2F8DkhIooXC70/e0BQG2I1m8+OsSoTWi9ZUZ0p/Hv7CCQyeIVgCz2gTX+FS/rx7Dus=', 'ZtXODtHmWEuP2x1NL99b9zcA09cNtxPQ5lBHcHiLEsZm1c4O', 'W5L6WcnWEcKFmt6406xi7KMxoYcB+zEK', 'AES-256-CBC', '2026-01-10 10:00:00'),
(10, 10, '-----BEGIN PUBLIC KEY-----\\nqEWXUCuYCqezHngKLu9JdbkRlaa4uzmzV8sgsiEis7mxzKvqq9n1YkgZOJMfsVyl\\nEe6p2selFtSdhW/1Cmp0WqhFl1ArmAqnsx54Ci7vSXW5EZWmuLs5s1fLILIhIrO5\\nscyr6qvZ9WJIGTiTH7FcpRHuqdrHpRbUnYVv9QpqdFqoRZdQK5gKp7MeeAou70l1\\nuRGVpri7ObNXyyCyISKzubHMq+qr2fViSBk4kx+xXKUR7qnax6UW1J2Fb/UKanRa\\nqEWXUCuYCqezHngKLu9JdbkRlaa4uzmzV8sgsiEis7mxzKvqq9n1YkgZOJMfsVyl\\nEe6p2selFtSdhW/1Cmp0WqhFl1ArmAqnsx54Ci7vSXW5EZWmuLs5s1fLILIhIrO5\\nscyr6qvZ9WJIGTiTH7FcpRHuqdrHpRbUnYVv9QpqdFqoRZdQK5gKp7MeeAou70l1\\nuRGVpri7ObNXyyCyISKzubHMq+qr2fViSBk4kx+xXKUR7qnax6UW1J2Fb/UKanRa\\n-----END PUBLIC KEY-----', 'iWKfeZzGC/G/ExL07JMXYejdqwZzsjPBezNt+d0VqX5XBHZRSeBvnPqr/q5kTjWViROFnQttWCB4TReJpaX+lYlin3mcxgvxvxMS9OyTF2Ho3asGc7IzwXszbfndFal+VwR2UUngb5z6q/6uZE41lYkThZ0LbVggeE0XiaWl/pWJYp95nMYL8b8TEvTskxdh6N2rBnOyM8F7M2353RWpflcEdlFJ4G+c+qv+rmRONZWJE4WdC21YIHhNF4mlpf6ViWKfeZzGC/G/ExL07JMXYejdqwZzsjPBezNt+d0VqX5XBHZRSeBvnPqr/q5kTjWViROFnQttWCB4TReJpaX+lYlin3mcxgvxvxMS9OyTF2Ho3asGc7IzwXszbfndFal+VwR2UUngb5z6q/6uZE41lYkThZ0LbVggeE0XiaWl/pWJYp95nMYL8b8TEvTskxdh6N2rBnOyM8F7M2353RWpflcEdlFJ4G+c+qv+rmRONZWJE4WdC21YIHhNF4mlpf6ViWKfeZzGC/G/ExL07JMXYejdqwZzsjPBezNt+d0VqX5XBHZRSeBvnPqr/q5kTjWViROFnQttWCB4TReJpaX+lYlin3mcxgvxvxMS9OyTF2Ho3asGc7IzwXszbfndFal+VwR2UUngb5z6q/6uZE41lYkThZ0LbVggeE0XiaWl/pU=', 'tm/97IjkLtqjiYWgCzCvbu6ilUs8GdziUNFH4ZmeB9C2b/3s', 'LcP2Lr71HGwOlUUYypEpPmsUqxLplSF+', 'AES-256-CBC', '2026-01-11 10:00:00'),
(11, 11, '-----BEGIN PUBLIC KEY-----\\nYCBAj1+EGfgkfos6R2FzI11M/3VmamOGBW3y+pe6S4hWpW97qIE2coxcBD1bk1Fg\\nvx4QaDn22XN6Bal5YXzWEGAgQI9fhBn4JH6LOkdhcyNdTP91ZmpjhgVt8vqXukuI\\nVqVve6iBNnKMXAQ9W5NRYL8eEGg59tlzegWpeWF81hBgIECPX4QZ+CR+izpHYXMj\\nXUz/dWZqY4YFbfL6l7pLiFalb3uogTZyjFwEPVuTUWC/HhBoOfbZc3oFqXlhfNYQ\\nYCBAj1+EGfgkfos6R2FzI11M/3VmamOGBW3y+pe6S4hWpW97qIE2coxcBD1bk1Fg\\nvx4QaDn22XN6Bal5YXzWEGAgQI9fhBn4JH6LOkdhcyNdTP91ZmpjhgVt8vqXukuI\\nVqVve6iBNnKMXAQ9W5NRYL8eEGg59tlzegWpeWF81hBgIECPX4QZ+CR+izpHYXMj\\nXUz/dWZqY4YFbfL6l7pLiFalb3uogTZyjFwEPVuTUWC/HhBoOfbZc3oFqXlhfNYQ\\n-----END PUBLIC KEY-----', 'CnTkwxtERlImQY0jomKaSYYD4FXdMMUqSTHzwZT0ypkuUnS7nywvPLa+KjD0mME11aERTfK3JUktTTTpLNDCJwp05MMbREZSJkGNI6JimkmGA+BV3TDFKkkx88GU9MqZLlJ0u58sLzy2viow9JjBNdWhEU3ytyVJLU006SzQwicKdOTDG0RGUiZBjSOiYppJhgPgVd0wxSpJMfPBlPTKmS5SdLufLC88tr4qMPSYwTXVoRFN8rclSS1NNOks0MInCnTkwxtERlImQY0jomKaSYYD4FXdMMUqSTHzwZT0ypkuUnS7nywvPLa+KjD0mME11aERTfK3JUktTTTpLNDCJwp05MMbREZSJkGNI6JimkmGA+BV3TDFKkkx88GU9MqZLlJ0u58sLzy2viow9JjBNdWhEU3ytyVJLU006SzQwicKdOTDG0RGUiZBjSOiYppJhgPgVd0wxSpJMfPBlPTKmS5SdLufLC88tr4qMPSYwTXVoRFN8rclSS1NNOks0MInCnTkwxtERlImQY0jomKaSYYD4FXdMMUqSTHzwZT0ypkuUnS7nywvPLa+KjD0mME11aERTfK3JUktTTTpLNDCJwp05MMbREZSJkGNI6JimkmGA+BV3TDFKkkx88GU9MqZLlJ0u58sLzy2viow9JjBNdWhEU3ytyVJLU006SzQwic=', 'Yo2+MWU4UmVf3JL8pDGFheL3SJc8f7M8J9XeGept1uxijb4x', 'V25NqKQor0gKdUTNxE0Hu/4ry9cklKRQ', 'AES-256-CBC', '2026-01-12 10:00:00'),
(12, 12, '-----BEGIN PUBLIC KEY-----\\nuAp8mWj1a0goo7JUhy199UaXqFVtfQk+4kukg9RfKeGOd2eqOJfWbKOnOSdQUjEa\\nF8HRbvWne4fNSPMe5oDwFrgKfJlo9WtIKKOyVIctffVGl6hVbX0JPuJLpIPUXynh\\njndnqjiX1myjpzknUFIxGhfB0W71p3uHzUjzHuaA8Ba4CnyZaPVrSCijslSHLX31\\nRpeoVW19CT7iS6SD1F8p4Y53Z6o4l9Zso6c5J1BSMRoXwdFu9ad7h81I8x7mgPAW\\nuAp8mWj1a0goo7JUhy199UaXqFVtfQk+4kukg9RfKeGOd2eqOJfWbKOnOSdQUjEa\\nF8HRbvWne4fNSPMe5oDwFrgKfJlo9WtIKKOyVIctffVGl6hVbX0JPuJLpIPUXynh\\njndnqjiX1myjpzknUFIxGhfB0W71p3uHzUjzHuaA8Ba4CnyZaPVrSCijslSHLX31\\nRpeoVW19CT7iS6SD1F8p4Y53Z6o4l9Zso6c5J1BSMRoXwdFu9ad7h81I8x7mgPAW\\n-----END PUBLIC KEY-----', 'fw4apZdpgw8dIlhVmTn6B7ZBMyli/gRr52cQLilwfhFWr1P1HmBgcJoescyt3wbqCvyrmEJh1F583N0yT+itbX8OGqWXaYMPHSJYVZk5+ge2QTMpYv4Ea+dnEC4pcH4RVq9T9R5gYHCaHrHMrd8G6gr8q5hCYdRefNzdMk/orW1/Dhqll2mDDx0iWFWZOfoHtkEzKWL+BGvnZxAuKXB+EVavU/UeYGBwmh6xzK3fBuoK/KuYQmHUXnzc3TJP6K1tfw4apZdpgw8dIlhVmTn6B7ZBMyli/gRr52cQLilwfhFWr1P1HmBgcJoescyt3wbqCvyrmEJh1F583N0yT+itbX8OGqWXaYMPHSJYVZk5+ge2QTMpYv4Ea+dnEC4pcH4RVq9T9R5gYHCaHrHMrd8G6gr8q5hCYdRefNzdMk/orW1/Dhqll2mDDx0iWFWZOfoHtkEzKWL+BGvnZxAuKXB+EVavU/UeYGBwmh6xzK3fBuoK/KuYQmHUXnzc3TJP6K1tfw4apZdpgw8dIlhVmTn6B7ZBMyli/gRr52cQLilwfhFWr1P1HmBgcJoescyt3wbqCvyrmEJh1F583N0yT+itbX8OGqWXaYMPHSJYVZk5+ge2QTMpYv4Ea+dnEC4pcH4RVq9T9R5gYHCaHrHMrd8G6gr8q5hCYdRefNzdMk/orW0=', 'F9xJTO78Ep7LOOCywu/qmUjzblFzj3KUn2cGeQqHCl4X3ElM', 'k+v2YgHNTuCEnTy2G0tzmS+ZqSMdfJkR', 'AES-256-CBC', '2026-01-13 10:00:00'),
(13, 13, '-----BEGIN PUBLIC KEY-----\\nxgPIl7euqKpJHmwzRRsaLK746Z8k07J7Sob6GQktgingxYy8SxRZMNAjQk9XCrtH\\nFnzAe9vY8kgZSgdMDiHnfcYDyJe3rqiqSR5sM0UbGiyu+OmfJNOye0qG+hkJLYIp\\n4MWMvEsUWTDQI0JPVwq7RxZ8wHvb2PJIGUoHTA4h533GA8iXt66oqkkebDNFGxos\\nrvjpnyTTsntKhvoZCS2CKeDFjLxLFFkw0CNCT1cKu0cWfMB729jySBlKB0wOIed9\\nxgPIl7euqKpJHmwzRRsaLK746Z8k07J7Sob6GQktgingxYy8SxRZMNAjQk9XCrtH\\nFnzAe9vY8kgZSgdMDiHnfcYDyJe3rqiqSR5sM0UbGiyu+OmfJNOye0qG+hkJLYIp\\n4MWMvEsUWTDQI0JPVwq7RxZ8wHvb2PJIGUoHTA4h533GA8iXt66oqkkebDNFGxos\\nrvjpnyTTsntKhvoZCS2CKeDFjLxLFFkw0CNCT1cKu0cWfMB729jySBlKB0wOIed9\\n-----END PUBLIC KEY-----', '5iMM3u6xiJs3zbbsTtDInDdv63Wt/o6E3eGe0ElUEA5Td3rzaMbIlgwsrm+PROD0EMN0RoDy2YeG6UVAm/sS4+YjDN7usYibN8227E7QyJw3b+t1rf6OhN3hntBJVBAOU3d682jGyJYMLK5vj0Tg9BDDdEaA8tmHhulFQJv7EuPmIwze7rGImzfNtuxO0MicN2/rda3+joTd4Z7QSVQQDlN3evNoxsiWDCyub49E4PQQw3RGgPLZh4bpRUCb+xLj5iMM3u6xiJs3zbbsTtDInDdv63Wt/o6E3eGe0ElUEA5Td3rzaMbIlgwsrm+PROD0EMN0RoDy2YeG6UVAm/sS4+YjDN7usYibN8227E7QyJw3b+t1rf6OhN3hntBJVBAOU3d682jGyJYMLK5vj0Tg9BDDdEaA8tmHhulFQJv7EuPmIwze7rGImzfNtuxO0MicN2/rda3+joTd4Z7QSVQQDlN3evNoxsiWDCyub49E4PQQw3RGgPLZh4bpRUCb+xLj5iMM3u6xiJs3zbbsTtDInDdv63Wt/o6E3eGe0ElUEA5Td3rzaMbIlgwsrm+PROD0EMN0RoDy2YeG6UVAm/sS4+YjDN7usYibN8227E7QyJw3b+t1rf6OhN3hntBJVBAOU3d682jGyJYMLK5vj0Tg9BDDdEaA8tmHhulFQJv7EuM=', '6I6rpLiY1WEQnHBFyTq3Nu92PUn6bJ1zMZXSgmGIvGbojquk', 'Oylg/MpDFaYjZtkKIRcRzZXSwK7aVEyS', 'AES-256-CBC', '2026-01-14 10:00:00'),
(14, 14, '-----BEGIN PUBLIC KEY-----\\nw6u3Ewl0rq0HpAfG6mCWmgNKgXTvfA80mzlplEhhuhkRnY8sIQQp4CH7Bh9m9X+P\\nrgdtevHWxWC+wunuIljYAsOrtxMJdK6tB6QHxupglpoDSoF073wPNJs5aZRIYboZ\\nEZ2PLCEEKeAh+wYfZvV/j64HbXrx1sVgvsLp7iJY2ALDq7cTCXSurQekB8bqYJaa\\nA0qBdO98DzSbOWmUSGG6GRGdjywhBCngIfsGH2b1f4+uB2168dbFYL7C6e4iWNgC\\nw6u3Ewl0rq0HpAfG6mCWmgNKgXTvfA80mzlplEhhuhkRnY8sIQQp4CH7Bh9m9X+P\\nrgdtevHWxWC+wunuIljYAsOrtxMJdK6tB6QHxupglpoDSoF073wPNJs5aZRIYboZ\\nEZ2PLCEEKeAh+wYfZvV/j64HbXrx1sVgvsLp7iJY2ALDq7cTCXSurQekB8bqYJaa\\nA0qBdO98DzSbOWmUSGG6GRGdjywhBCngIfsGH2b1f4+uB2168dbFYL7C6e4iWNgC\\n-----END PUBLIC KEY-----', 'MrjcIXGJqfjJO/l1sc5mdKG0MxDPnJlMwWnJxU3lwNerhw7bhMwwNylq1wSylvqtEyB30MZeeQRxtyQPhGUszjK43CFxian4yTv5dbHOZnShtDMQz5yZTMFpycVN5cDXq4cO24TMMDcpatcEspb6rRMgd9DGXnkEcbckD4RlLM4yuNwhcYmp+Mk7+XWxzmZ0obQzEM+cmUzBacnFTeXA16uHDtuEzDA3KWrXBLKW+q0TIHfQxl55BHG3JA+EZSzOMrjcIXGJqfjJO/l1sc5mdKG0MxDPnJlMwWnJxU3lwNerhw7bhMwwNylq1wSylvqtEyB30MZeeQRxtyQPhGUszjK43CFxian4yTv5dbHOZnShtDMQz5yZTMFpycVN5cDXq4cO24TMMDcpatcEspb6rRMgd9DGXnkEcbckD4RlLM4yuNwhcYmp+Mk7+XWxzmZ0obQzEM+cmUzBacnFTeXA16uHDtuEzDA3KWrXBLKW+q0TIHfQxl55BHG3JA+EZSzOMrjcIXGJqfjJO/l1sc5mdKG0MxDPnJlMwWnJxU3lwNerhw7bhMwwNylq1wSylvqtEyB30MZeeQRxtyQPhGUszjK43CFxian4yTv5dbHOZnShtDMQz5yZTMFpycVN5cDXq4cO24TMMDcpatcEspb6rRMgd9DGXnkEcbckD4RlLM4=', '0E/Es4up63uUzlivQgmoFMv/BeKugYlnXVNVxTC5wxDQT8Sz', 'HhVEgjZbOQqc5YF5UO1vM74n1XEZo2cm', 'AES-256-CBC', '2026-01-15 10:00:00'),
(15, 15, '-----BEGIN PUBLIC KEY-----\\nsf8ZiFKXVsfHtGCWVJrW06UjCuFicBV37SluR2Qj+3QGYaPFohTB9uuAVD8Zn8c5\\nWRa8GdkFZAJSndHnYRtGArH/GYhSl1bHx7RgllSa1tOlIwrhYnAVd+0pbkdkI/t0\\nBmGjxaIUwfbrgFQ/GZ/HOVkWvBnZBWQCUp3R52EbRgKx/xmIUpdWx8e0YJZUmtbT\\npSMK4WJwFXftKW5HZCP7dAZho8WiFMH264BUPxmfxzlZFrwZ2QVkAlKd0edhG0YC\\nsf8ZiFKXVsfHtGCWVJrW06UjCuFicBV37SluR2Qj+3QGYaPFohTB9uuAVD8Zn8c5\\nWRa8GdkFZAJSndHnYRtGArH/GYhSl1bHx7RgllSa1tOlIwrhYnAVd+0pbkdkI/t0\\nBmGjxaIUwfbrgFQ/GZ/HOVkWvBnZBWQCUp3R52EbRgKx/xmIUpdWx8e0YJZUmtbT\\npSMK4WJwFXftKW5HZCP7dAZho8WiFMH264BUPxmfxzlZFrwZ2QVkAlKd0edhG0YC\\n-----END PUBLIC KEY-----', '4BHkUR6t/1184LNNPU3AJ2cz6hHSQ7VTr/8UiaIhPnECsUtod0Gj1gogIr+WjN/9ROv9+YiWBF3AEhMcVavaGuAR5FEerf9dfOCzTT1NwCdnM+oR0kO1U6//FImiIT5xArFLaHdBo9YKICK/lozf/UTr/fmIlgRdwBITHFWr2hrgEeRRHq3/XXzgs009TcAnZzPqEdJDtVOv/xSJoiE+cQKxS2h3QaPWCiAiv5aM3/1E6/35iJYEXcASExxVq9oa4BHkUR6t/1184LNNPU3AJ2cz6hHSQ7VTr/8UiaIhPnECsUtod0Gj1gogIr+WjN/9ROv9+YiWBF3AEhMcVavaGuAR5FEerf9dfOCzTT1NwCdnM+oR0kO1U6//FImiIT5xArFLaHdBo9YKICK/lozf/UTr/fmIlgRdwBITHFWr2hrgEeRRHq3/XXzgs009TcAnZzPqEdJDtVOv/xSJoiE+cQKxS2h3QaPWCiAiv5aM3/1E6/35iJYEXcASExxVq9oa4BHkUR6t/1184LNNPU3AJ2cz6hHSQ7VTr/8UiaIhPnECsUtod0Gj1gogIr+WjN/9ROv9+YiWBF3AEhMcVavaGuAR5FEerf9dfOCzTT1NwCdnM+oR0kO1U6//FImiIT5xArFLaHdBo9YKICK/lozf/UTr/fmIlgRdwBITHFWr2ho=', '/tNDb8OftauNePy3KI4qudYm0LcIJkCbB/52Kkuidb7+00Nv', 'ZJpeCx6NP+ioUqrYC8UjmDctoaKBYZsp', 'AES-256-CBC', '2026-01-16 10:00:00'),
(16, 16, '-----BEGIN PUBLIC KEY-----\\nse9IEeMvCeWbNxNFJQOKRuKzhanGh6hsyrhvbCZfiMtnzAfW3UspZ05oFtIYDCpw\\nEk5mUHKenaPuWRjCNK2mdrHvSBHjLwnlmzcTRSUDikbis4WpxoeobMq4b2wmX4jL\\nZ8wH1t1LKWdOaBbSGAwqcBJOZlBynp2j7lkYwjStpnax70gR4y8J5Zs3E0UlA4pG\\n4rOFqcaHqGzKuG9sJl+Iy2fMB9bdSylnTmgW0hgMKnASTmZQcp6do+5ZGMI0raZ2\\nse9IEeMvCeWbNxNFJQOKRuKzhanGh6hsyrhvbCZfiMtnzAfW3UspZ05oFtIYDCpw\\nEk5mUHKenaPuWRjCNK2mdrHvSBHjLwnlmzcTRSUDikbis4WpxoeobMq4b2wmX4jL\\nZ8wH1t1LKWdOaBbSGAwqcBJOZlBynp2j7lkYwjStpnax70gR4y8J5Zs3E0UlA4pG\\n4rOFqcaHqGzKuG9sJl+Iy2fMB9bdSylnTmgW0hgMKnASTmZQcp6do+5ZGMI0raZ2\\n-----END PUBLIC KEY-----', 'E73M/iJ93faAR9Lmpla7ka6S9wQF62n9oJ3L74t9AHI4m/+tBytYNTjgNqqftQXiNw1grIdHtdpBDtOM5Sj1oBO9zP4ifd32gEfS5qZWu5GukvcEBetp/aCdy++LfQByOJv/rQcrWDU44Daqn7UF4jcNYKyHR7XaQQ7TjOUo9aATvcz+In3d9oBH0uamVruRrpL3BAXraf2gncvvi30Acjib/60HK1g1OOA2qp+1BeI3DWCsh0e12kEO04zlKPWgE73M/iJ93faAR9Lmpla7ka6S9wQF62n9oJ3L74t9AHI4m/+tBytYNTjgNqqftQXiNw1grIdHtdpBDtOM5Sj1oBO9zP4ifd32gEfS5qZWu5GukvcEBetp/aCdy++LfQByOJv/rQcrWDU44Daqn7UF4jcNYKyHR7XaQQ7TjOUo9aATvcz+In3d9oBH0uamVruRrpL3BAXraf2gncvvi30Acjib/60HK1g1OOA2qp+1BeI3DWCsh0e12kEO04zlKPWgE73M/iJ93faAR9Lmpla7ka6S9wQF62n9oJ3L74t9AHI4m/+tBytYNTjgNqqftQXiNw1grIdHtdpBDtOM5Sj1oBO9zP4ifd32gEfS5qZWu5GukvcEBetp/aCdy++LfQByOJv/rQcrWDU44Daqn7UF4jcNYKyHR7XaQQ7TjOUo9aA=', 'bNMFBzWYmfmxQ3Gahx57uXAkRuiU4thgIJhIuriCEN1s0wUH', 'BN8y+TL8atLIjE11fG6jk3C+cdQK0GOt', 'AES-256-CBC', '2026-01-17 10:00:00'),
(17, 17, '-----BEGIN PUBLIC KEY-----\\njFD9+xWmKxt7nDBMZXG5uT42J+UzizvXd1YwrnbxWLXpweUaaluh0o/BBIFNe11R\\niii5FDpeDj9/+9G5egRpI4xQ/fsVpisbe5wwTGVxubk+NiflM4s713dWMK528Vi1\\n6cHlGmpbodKPwQSBTXtdUYoouRQ6Xg4/f/vRuXoEaSOMUP37FaYrG3ucMExlcbm5\\nPjYn5TOLO9d3VjCudvFYtenB5RpqW6HSj8EEgU17XVGKKLkUOl4OP3/70bl6BGkj\\njFD9+xWmKxt7nDBMZXG5uT42J+UzizvXd1YwrnbxWLXpweUaaluh0o/BBIFNe11R\\niii5FDpeDj9/+9G5egRpI4xQ/fsVpisbe5wwTGVxubk+NiflM4s713dWMK528Vi1\\n6cHlGmpbodKPwQSBTXtdUYoouRQ6Xg4/f/vRuXoEaSOMUP37FaYrG3ucMExlcbm5\\nPjYn5TOLO9d3VjCudvFYtenB5RpqW6HSj8EEgU17XVGKKLkUOl4OP3/70bl6BGkj\\n-----END PUBLIC KEY-----', 'Q5sF+/D9RaqquNYwfpALd38XDC2xMRp3ndyiUgesN7RuGrR6WmFwFZ67dDspPbaObkSfPAjoCHG0Jb+InX1T90ObBfvw/UWqqrjWMH6QC3d/FwwtsTEad53colIHrDe0bhq0elphcBWeu3Q7KT22jm5EnzwI6AhxtCW/iJ19U/dDmwX78P1Fqqq41jB+kAt3fxcMLbExGned3KJSB6w3tG4atHpaYXAVnrt0Oyk9to5uRJ88COgIcbQlv4idfVP3Q5sF+/D9RaqquNYwfpALd38XDC2xMRp3ndyiUgesN7RuGrR6WmFwFZ67dDspPbaObkSfPAjoCHG0Jb+InX1T90ObBfvw/UWqqrjWMH6QC3d/FwwtsTEad53colIHrDe0bhq0elphcBWeu3Q7KT22jm5EnzwI6AhxtCW/iJ19U/dDmwX78P1Fqqq41jB+kAt3fxcMLbExGned3KJSB6w3tG4atHpaYXAVnrt0Oyk9to5uRJ88COgIcbQlv4idfVP3Q5sF+/D9RaqquNYwfpALd38XDC2xMRp3ndyiUgesN7RuGrR6WmFwFZ67dDspPbaObkSfPAjoCHG0Jb+InX1T90ObBfvw/UWqqrjWMH6QC3d/FwwtsTEad53colIHrDe0bhq0elphcBWeu3Q7KT22jm5EnzwI6AhxtCW/iJ19U/c=', 'qciEztX0tb1FV8t1LjToEOKTLW86Ts3CiuOy+3Yq3PmpyITO', 'ynep6UNKVDVaXvGvTGoHL7aaXDIc91w5', 'AES-256-CBC', '2026-01-18 10:00:00'),
(18, 18, '-----BEGIN PUBLIC KEY-----\\n3/QuKBV5rAhDfp+NHaHyWlUyerJ9jh3+RCb9TSBxbHAVEbfRibB6+uKPuZYekJwz\\nPGUOJO0kOJ/Eu+jQSaH729/0LigVeawIQ36fjR2h8lpVMnqyfY4d/kQm/U0gcWxw\\nFRG30Ymwevrij7mWHpCcMzxlDiTtJDifxLvo0Emh+9vf9C4oFXmsCEN+n40dofJa\\nVTJ6sn2OHf5EJv1NIHFscBURt9GJsHr64o+5lh6QnDM8ZQ4k7SQ4n8S76NBJofvb\\n3/QuKBV5rAhDfp+NHaHyWlUyerJ9jh3+RCb9TSBxbHAVEbfRibB6+uKPuZYekJwz\\nPGUOJO0kOJ/Eu+jQSaH729/0LigVeawIQ36fjR2h8lpVMnqyfY4d/kQm/U0gcWxw\\nFRG30Ymwevrij7mWHpCcMzxlDiTtJDifxLvo0Emh+9vf9C4oFXmsCEN+n40dofJa\\nVTJ6sn2OHf5EJv1NIHFscBURt9GJsHr64o+5lh6QnDM8ZQ4k7SQ4n8S76NBJofvb\\n-----END PUBLIC KEY-----', 'axpLaRQ++s9byNFNQUncPUGiV8Pl41AuCfcNUanIt/ALg+JfZuVjO6im42RCM7lOlYnvk8ibMBEEqjgkiZuqH2saS2kUPvrPW8jRTUFJ3D1BolfD5eNQLgn3DVGpyLfwC4PiX2blYzuopuNkQjO5TpWJ75PImzARBKo4JImbqh9rGktpFD76z1vI0U1BSdw9QaJXw+XjUC4J9w1Rqci38AuD4l9m5WM7qKbjZEIzuU6Vie+TyJswEQSqOCSJm6ofaxpLaRQ++s9byNFNQUncPUGiV8Pl41AuCfcNUanIt/ALg+JfZuVjO6im42RCM7lOlYnvk8ibMBEEqjgkiZuqH2saS2kUPvrPW8jRTUFJ3D1BolfD5eNQLgn3DVGpyLfwC4PiX2blYzuopuNkQjO5TpWJ75PImzARBKo4JImbqh9rGktpFD76z1vI0U1BSdw9QaJXw+XjUC4J9w1Rqci38AuD4l9m5WM7qKbjZEIzuU6Vie+TyJswEQSqOCSJm6ofaxpLaRQ++s9byNFNQUncPUGiV8Pl41AuCfcNUanIt/ALg+JfZuVjO6im42RCM7lOlYnvk8ibMBEEqjgkiZuqH2saS2kUPvrPW8jRTUFJ3D1BolfD5eNQLgn3DVGpyLfwC4PiX2blYzuopuNkQjO5TpWJ75PImzARBKo4JImbqh8=', 'V9Eb2dH67DfNux3LtvfT6WG/8wIlmBGe6VP6lGZRd+9X0RvZ', '7m4SGhsI6RmFzI3vAfyDT/YpDEBSMWa6', 'AES-256-CBC', '2026-01-19 10:00:00'),
(19, 19, '-----BEGIN PUBLIC KEY-----\\nri28EasvRv2dMlb8ma+4r+jCdfZnmxeksG368pxOcXlTeMZEVft5AlMRdDIU1OMV\\nde5Lk3KcN2xIF47bubCeuK4tvBGrL0b9nTJW/JmvuK/ownX2Z5sXpLBt+vKcTnF5\\nU3jGRFX7eQJTEXQyFNTjFXXuS5NynDdsSBeO27mwnriuLbwRqy9G/Z0yVvyZr7iv\\n6MJ19mebF6SwbfrynE5xeVN4xkRV+3kCUxF0MhTU4xV17kuTcpw3bEgXjtu5sJ64\\nri28EasvRv2dMlb8ma+4r+jCdfZnmxeksG368pxOcXlTeMZEVft5AlMRdDIU1OMV\\nde5Lk3KcN2xIF47bubCeuK4tvBGrL0b9nTJW/JmvuK/ownX2Z5sXpLBt+vKcTnF5\\nU3jGRFX7eQJTEXQyFNTjFXXuS5NynDdsSBeO27mwnriuLbwRqy9G/Z0yVvyZr7iv\\n6MJ19mebF6SwbfrynE5xeVN4xkRV+3kCUxF0MhTU4xV17kuTcpw3bEgXjtu5sJ64\\n-----END PUBLIC KEY-----', '7ca/KNQXl4d5CY6bfTy8VY3C0Xum+yRrE8oMTEokcqEfE3k3Tue08yvU0APlV51WYI0htc0eWL5ptev51+NYJO3GvyjUF5eHeQmOm308vFWNwtF7pvskaxPKDExKJHKhHxN5N07ntPMr1NAD5VedVmCNIbXNHli+abXr+dfjWCTtxr8o1BeXh3kJjpt9PLxVjcLRe6b7JGsTygxMSiRyoR8TeTdO57TzK9TQA+VXnVZgjSG1zR5Yvmm16/nX41gk7ca/KNQXl4d5CY6bfTy8VY3C0Xum+yRrE8oMTEokcqEfE3k3Tue08yvU0APlV51WYI0htc0eWL5ptev51+NYJO3GvyjUF5eHeQmOm308vFWNwtF7pvskaxPKDExKJHKhHxN5N07ntPMr1NAD5VedVmCNIbXNHli+abXr+dfjWCTtxr8o1BeXh3kJjpt9PLxVjcLRe6b7JGsTygxMSiRyoR8TeTdO57TzK9TQA+VXnVZgjSG1zR5Yvmm16/nX41gk7ca/KNQXl4d5CY6bfTy8VY3C0Xum+yRrE8oMTEokcqEfE3k3Tue08yvU0APlV51WYI0htc0eWL5ptev51+NYJO3GvyjUF5eHeQmOm308vFWNwtF7pvskaxPKDExKJHKhHxN5N07ntPMr1NAD5VedVmCNIbXNHli+abXr+dfjWCQ=', 'b6WITf/JLpPyQE0uV1+fI18cJ0f0HcHX0CXADRMJMFRvpYhN', 'mvmASRBfgkibMaB1TUtG3BpqGGqM/wjt', 'AES-256-CBC', '2026-01-20 10:00:00'),
(20, 20, '-----BEGIN PUBLIC KEY-----\\nP94vmQ0pJyMOJBkvvZ6ZMZtYD+h+jTX2qr+uF08FCS7ZCm8RjjVeOjOueBz4hlj7\\nB8YunPku3vdvJbd3G5Ge2T/eL5kNKScjDiQZL72emTGbWA/ofo019qq/rhdPBQku\\n2QpvEY41Xjozrngc+IZY+wfGLpz5Lt73byW3dxuRntk/3i+ZDSknIw4kGS+9npkx\\nm1gP6H6NNfaqv64XTwUJLtkKbxGONV46M654HPiGWPsHxi6c+S7e928lt3cbkZ7Z\\nP94vmQ0pJyMOJBkvvZ6ZMZtYD+h+jTX2qr+uF08FCS7ZCm8RjjVeOjOueBz4hlj7\\nB8YunPku3vdvJbd3G5Ge2T/eL5kNKScjDiQZL72emTGbWA/ofo019qq/rhdPBQku\\n2QpvEY41Xjozrngc+IZY+wfGLpz5Lt73byW3dxuRntk/3i+ZDSknIw4kGS+9npkx\\nm1gP6H6NNfaqv64XTwUJLtkKbxGONV46M654HPiGWPsHxi6c+S7e928lt3cbkZ7Z\\n-----END PUBLIC KEY-----', 'p8T8OxejPlnTlBtaVsRWtrC92kbRiA2TjVbgMEsD/A6imtu1GJc8wbYORHG+9dnQ2VX7KrbMRsANpRf1tzccSafE/DsXoz5Z05QbWlbEVrawvdpG0YgNk41W4DBLA/wOoprbtRiXPMG2DkRxvvXZ0NlV+yq2zEbADaUX9bc3HEmnxPw7F6M+WdOUG1pWxFa2sL3aRtGIDZONVuAwSwP8DqKa27UYlzzBtg5Ecb712dDZVfsqtsxGwA2lF/W3NxxJp8T8OxejPlnTlBtaVsRWtrC92kbRiA2TjVbgMEsD/A6imtu1GJc8wbYORHG+9dnQ2VX7KrbMRsANpRf1tzccSafE/DsXoz5Z05QbWlbEVrawvdpG0YgNk41W4DBLA/wOoprbtRiXPMG2DkRxvvXZ0NlV+yq2zEbADaUX9bc3HEmnxPw7F6M+WdOUG1pWxFa2sL3aRtGIDZONVuAwSwP8DqKa27UYlzzBtg5Ecb712dDZVfsqtsxGwA2lF/W3NxxJp8T8OxejPlnTlBtaVsRWtrC92kbRiA2TjVbgMEsD/A6imtu1GJc8wbYORHG+9dnQ2VX7KrbMRsANpRf1tzccSafE/DsXoz5Z05QbWlbEVrawvdpG0YgNk41W4DBLA/wOoprbtRiXPMG2DkRxvvXZ0NlV+yq2zEbADaUX9bc3HEk=', 'gcmnjyJpvoTsssh5RLlFCpa5o8mGKMcRLUGGs/gVJTaByaeP', 'l9lOi/ZG3hwi5h0BcZ5NKiQYGgKRDNVU', 'AES-256-CBC', '2026-01-21 10:00:00');

INSERT INTO contratos (id, titulo, texto_contrato, id_proponente, id_aceitante, estado, visibilidade, data_criacao, data_atualizacao, encrypted_text, encryption_iv, encryption_salt, encryption_algorithm, hmac_algorithm, hmac_value, reveal_at) VALUES
(1, 'Empréstimo de 10 euros', 'Devo-te 10 euros mas juro que te pago amanhã! Referência interna DEMO-001.', 4, 8, 'assinado', 'publico', '2026-01-10 11:11:00', '2026-01-10 13:11:00', NULL, NULL, NULL, NULL, NULL, NULL, NULL),
(2, 'Pagamento de renda partilhada', 'Comprometo-me a transferir 120 euros referentes à renda partilhada até sexta-feira. Referência interna DEMO-002.', 7, 15, 'pendente', 'publico', '2026-01-12 12:22:00', '2026-01-12 14:22:00', NULL, NULL, NULL, NULL, NULL, NULL, NULL),
(3, 'Bilhete de concerto', 'A Carla adianta 35 euros pelo bilhete e a Ana paga até ao final do mês. Referência interna DEMO-003.', 10, 2, 'assinado', 'privado', '2026-01-14 13:33:00', '2026-01-14 15:33:00', NULL, NULL, NULL, NULL, NULL, NULL, NULL),
(4, 'Compra de livros', 'O proponente entrega três livros técnicos e o aceitante paga 45 euros na entrega. Referência interna DEMO-004.', 13, 9, 'sanado', 'publico', '2026-01-16 14:44:00', '2026-01-16 16:44:00', NULL, NULL, NULL, NULL, NULL, NULL, NULL),
(5, 'Reembolso de jantar', 'O aceitante reembolsa 18 euros do jantar de grupo até amanhã às 20h. Referência interna DEMO-005.', 16, 17, 'pendente', 'publico', '2026-01-18 15:05:00', '2026-01-18 17:05:00', NULL, NULL, NULL, NULL, NULL, NULL, NULL),
(6, 'Partilha de despesas de viagem', 'As despesas de combustível serão divididas em partes iguais entre os dois utilizadores. Referência interna DEMO-006.', 19, 3, 'assinado', 'publico', '2026-01-20 16:16:00', '2026-01-20 18:16:00', NULL, NULL, NULL, NULL, NULL, NULL, NULL),
(7, 'Cedência temporária de portátil', 'O portátil é cedido durante sete dias e deve ser devolvido em bom estado. Referência interna DEMO-007.', 2, 10, 'rejeitado', 'privado', '2026-01-22 17:27:00', '2026-01-22 19:27:00', NULL, NULL, NULL, NULL, NULL, NULL, NULL),
(8, 'Pagamento de explicações', 'O aceitante paga 60 euros por quatro sessões de explicações de programação. Referência interna DEMO-008.', 5, 17, 'assinado', 'publico', '2026-01-24 18:38:00', '2026-01-24 20:38:00', NULL, NULL, NULL, NULL, NULL, NULL, NULL),
(9, 'Contrato de caução', 'O valor de 50 euros fica retido como caução até devolução do equipamento. Referência interna DEMO-009.', 8, 4, 'assinado', 'publico', '2026-01-26 10:49:00', '2026-01-26 12:49:00', NULL, NULL, NULL, NULL, NULL, NULL, NULL),
(10, 'Entrega de projeto', 'O proponente compromete-se a entregar a versão final do projeto até domingo. Referência interna DEMO-010.', 11, 12, 'pendente', 'publico', '2026-01-28 11:10:00', '2026-01-28 13:10:00', 'VlrwvQSmEEBaG4lULW6t8akRkw8yJ/ArwgAC7aYGC3VWWvC9BKYQQFobiVQtbq3xqRGTDzIn8CvCAALtpgYLdVZa8L0EphBAWhuJVC1urfGpEZMPMifwK8IAAu2mBgt1', 'mghExkjufHrwFaSUfX0V9jraQOEGe5cp', '05LFmxupdbH9XUGiWO5cqPPVgzrbcElugKaEE3NDSTnTksWb', 'AES-256-CBC', 'HMAC-SHA256', 'xRnLbEUZY9B74VBedG/5kGOsBm4jzZnPCAzSkk8Aw53FGctsRRlj0HvhUF50b/mQY6wGbiPNmc8IDNKSTwDDncUZy2xFGWPQe+FQXnRv+ZBjrAZuI82ZzwgM0pJPAMOd', '2026-02-04 11:10:00'),
(11, 'Empréstimo para almoço', 'O aceitante reconhece uma dívida de 7 euros relativa ao almoço. Referência interna DEMO-011.', 14, 18, 'assinado', 'privado', '2026-01-30 12:21:00', '2026-01-30 14:21:00', NULL, NULL, NULL, NULL, NULL, NULL, NULL),
(12, 'Reserva de alojamento', 'O aceitante paga metade do valor da reserva até ao final da semana. Referência interna DEMO-012.', 17, 5, 'sanado', 'publico', '2026-02-01 13:32:00', '2026-02-01 15:32:00', NULL, NULL, NULL, NULL, NULL, NULL, NULL),
(13, 'Venda de bicicleta', 'O proponente vende uma bicicleta usada por 95 euros, paga no ato da entrega. Referência interna DEMO-013.', 20, 12, 'pendente', 'publico', '2026-02-03 14:43:00', '2026-02-03 16:43:00', NULL, NULL, NULL, NULL, NULL, NULL, NULL),
(14, 'Pagamento faseado', 'O valor total de 200 euros será pago em quatro prestações mensais de 50 euros. Referência interna DEMO-014.', 3, 19, 'assinado', 'publico', '2026-02-05 15:04:00', '2026-02-05 17:04:00', NULL, NULL, NULL, NULL, NULL, NULL, NULL),
(15, 'Acordo de revisão de código', 'O proponente fará uma revisão de código e receberá 25 euros pelo serviço. Referência interna DEMO-015.', 6, 7, 'rejeitado', 'privado', '2026-02-07 16:15:00', '2026-02-07 18:15:00', NULL, NULL, NULL, NULL, NULL, NULL, NULL),
(16, 'Contrato cifrado temporário', 'Este contrato fica cifrado temporariamente, mantendo o criptograma visível publicamente. Referência interna DEMO-016.', 9, 13, 'assinado', 'publico', '2026-02-09 17:26:00', '2026-02-09 19:26:00', 'Dy5URt6lWRXIMOr5KcC9RASEMay7B/kFW5wY6gdao4YPLlRG3qVZFcgw6vkpwL1EBIQxrLsH+QVbnBjqB1qjhg8uVEbepVkVyDDq+SnAvUQEhDGsuwf5BVucGOoHWqOG', 'm3akdXJv3dvO6HC8muww9SYiVHC6yHay', 'QvdjGMSZ/cu5CBuLiYQNoVBtp/s67dvNFlZJ95cqBbhC92MY', 'AES-256-CBC', 'HMAC-SHA256', 'bRttpuIRCzosevbVbE+3Jt96eVyNpEAeMYIsQeXR0TRtG22m4hELOix69tVsT7cm33p5XI2kQB4xgixB5dHRNG0bbabiEQs6LHr21WxPtybfenlcjaRAHjGCLEHl0dE0', '2026-02-16 17:26:00'),
(17, 'Adiantamento de material', 'O aceitante recebe material escolar e compromete-se a pagar 22 euros. Referência interna DEMO-017.', 12, 20, 'assinado', 'publico', '2026-02-11 18:37:00', '2026-02-11 20:37:00', NULL, NULL, NULL, NULL, NULL, NULL, NULL),
(18, 'Compromisso de devolução', 'O objeto emprestado deve ser devolvido sem danos até à data acordada. Referência interna DEMO-018.', 15, 7, 'pendente', 'publico', '2026-02-13 10:48:00', '2026-02-13 12:48:00', NULL, NULL, NULL, NULL, NULL, NULL, NULL),
(19, 'Acordo de coworking', 'As despesas do espaço de trabalho serão partilhadas durante o mês corrente. Referência interna DEMO-019.', 18, 14, 'assinado', 'privado', '2026-02-15 11:09:00', '2026-02-15 13:09:00', NULL, NULL, NULL, NULL, NULL, NULL, NULL),
(20, 'Pagamento de domínio web', 'O aceitante reembolsa o custo anual do domínio no valor de 14 euros. Referência interna DEMO-020.', 1, 2, 'sanado', 'publico', '2026-02-17 12:20:00', '2026-02-17 14:20:00', 'D0jEPkuCmO230uOGms5OTb3z89zky+MkpMZAmqq1UyUPSMQ+S4KY7bfS44aazk5NvfPz3OTL4ySkxkCaqrVTJQ9IxD5Lgpjtt9LjhprOTk298/Pc5MvjJKTGQJqqtVMl', 'jG+tW1mkqlkakuIJNJgGYQrkW7jcTgeq', 'NbH6/plaqySj8gINEISaF0zCnkJRuQGrf4GHFbm93Cs1sfr+', 'AES-256-CBC', 'HMAC-SHA256', 'ZY9cecwLk809+Z6O31R2r2EU604hoTOgKXIo79ID5Ldlj1x5zAuTzT35no7fVHavYRTrTiGhM6Apcijv0gPkt2WPXHnMC5PNPfmejt9Udq9hFOtOIaEzoClyKO/SA+S3', '2026-02-24 12:20:00'),
(21, 'Empréstimo de 10 euros', 'Devo-te 10 euros mas juro que te pago amanhã! Referência interna DEMO-021.', 4, 8, 'pendente', 'publico', '2026-02-19 13:31:00', '2026-02-19 15:31:00', NULL, NULL, NULL, NULL, NULL, NULL, NULL),
(22, 'Pagamento de renda partilhada', 'Comprometo-me a transferir 120 euros referentes à renda partilhada até sexta-feira. Referência interna DEMO-022.', 7, 15, 'assinado', 'publico', '2026-02-21 14:42:00', '2026-02-21 16:42:00', NULL, NULL, NULL, NULL, NULL, NULL, NULL),
(23, 'Bilhete de concerto', 'A Carla adianta 35 euros pelo bilhete e a Ana paga até ao final do mês. Referência interna DEMO-023.', 10, 2, 'rejeitado', 'privado', '2026-02-23 15:03:00', '2026-02-23 17:03:00', NULL, NULL, NULL, NULL, NULL, NULL, NULL),
(24, 'Compra de livros', 'O proponente entrega três livros técnicos e o aceitante paga 45 euros na entrega. Referência interna DEMO-024.', 13, 9, 'assinado', 'publico', '2026-02-25 16:14:00', '2026-02-25 18:14:00', NULL, NULL, NULL, NULL, NULL, NULL, NULL),
(25, 'Reembolso de jantar', 'O aceitante reembolsa 18 euros do jantar de grupo até amanhã às 20h. Referência interna DEMO-025.', 16, 17, 'assinado', 'publico', '2026-02-27 17:25:00', '2026-02-27 19:25:00', NULL, NULL, NULL, NULL, NULL, NULL, NULL),
(26, 'Partilha de despesas de viagem', 'As despesas de combustível serão divididas em partes iguais entre os dois utilizadores. Referência interna DEMO-026.', 19, 3, 'pendente', 'publico', '2026-03-01 18:36:00', '2026-03-01 20:36:00', NULL, NULL, NULL, NULL, NULL, NULL, NULL),
(27, 'Cedência temporária de portátil', 'O portátil é cedido durante sete dias e deve ser devolvido em bom estado. Referência interna DEMO-027.', 2, 10, 'assinado', 'privado', '2026-03-03 10:47:00', '2026-03-03 12:47:00', NULL, NULL, NULL, NULL, NULL, NULL, NULL),
(28, 'Pagamento de explicações', 'O aceitante paga 60 euros por quatro sessões de explicações de programação. Referência interna DEMO-028.', 5, 17, 'sanado', 'publico', '2026-03-05 11:08:00', '2026-03-05 13:08:00', NULL, NULL, NULL, NULL, NULL, NULL, NULL),
(29, 'Contrato de caução', 'O valor de 50 euros fica retido como caução até devolução do equipamento. Referência interna DEMO-029.', 8, 4, 'pendente', 'publico', '2026-03-07 12:19:00', '2026-03-07 14:19:00', NULL, NULL, NULL, NULL, NULL, NULL, NULL),
(30, 'Entrega de projeto', 'O proponente compromete-se a entregar a versão final do projeto até domingo. Referência interna DEMO-030.', 11, 12, 'assinado', 'publico', '2026-03-09 13:30:00', '2026-03-09 15:30:00', 'pv664Y66KrimKSxrqxVdDpgVXryiYYn0TaCzDN5h8J+m/rrhjroquKYpLGurFV0OmBVevKJhifRNoLMM3mHwn6b+uuGOuiq4piksa6sVXQ6YFV68omGJ9E2gswzeYfCf', '5+LVLFovaWxngXKoH3iQhR6cAEBtGsl6', 'A7AzCkdoG8eGKY0mh2wco6wpxQddASASCsfULuAbdOIDsDMK', 'AES-256-CBC', 'HMAC-SHA256', '4mbw2ZRbUMjUOM0tzJm+P8hJoz82vKcE0Pu6Ycz6R5DiZvDZlFtQyNQ4zS3Mmb4/yEmjPza8pwTQ+7phzPpHkOJm8NmUW1DI1DjNLcyZvj/ISaM/NrynBND7umHM+keQ', '2026-03-16 13:30:00'),
(31, 'Empréstimo para almoço', 'O aceitante reconhece uma dívida de 7 euros relativa ao almoço. Referência interna DEMO-031.', 14, 18, 'rejeitado', 'privado', '2026-03-11 14:41:00', '2026-03-11 16:41:00', NULL, NULL, NULL, NULL, NULL, NULL, NULL),
(32, 'Reserva de alojamento', 'O aceitante paga metade do valor da reserva até ao final da semana. Referência interna DEMO-032.', 17, 5, 'assinado', 'publico', '2026-03-13 15:02:00', '2026-03-13 17:02:00', NULL, NULL, NULL, NULL, NULL, NULL, NULL),
(33, 'Venda de bicicleta', 'O proponente vende uma bicicleta usada por 95 euros, paga no ato da entrega. Referência interna DEMO-033.', 20, 12, 'assinado', 'publico', '2026-03-15 16:13:00', '2026-03-15 18:13:00', NULL, NULL, NULL, NULL, NULL, NULL, NULL),
(34, 'Pagamento faseado', 'O valor total de 200 euros será pago em quatro prestações mensais de 50 euros. Referência interna DEMO-034.', 3, 19, 'pendente', 'publico', '2026-03-17 17:24:00', '2026-03-17 19:24:00', NULL, NULL, NULL, NULL, NULL, NULL, NULL),
(35, 'Acordo de revisão de código', 'O proponente fará uma revisão de código e receberá 25 euros pelo serviço. Referência interna DEMO-035.', 6, 7, 'assinado', 'privado', '2026-03-19 18:35:00', '2026-03-19 20:35:00', NULL, NULL, NULL, NULL, NULL, NULL, NULL),
(36, 'Contrato cifrado temporário', 'Este contrato fica cifrado temporariamente, mantendo o criptograma visível publicamente. Referência interna DEMO-036.', 9, 13, 'sanado', 'publico', '2026-03-21 10:46:00', '2026-03-21 12:46:00', 'PAv7FXUdCFPMtptaUA1bv6+PXMHnK3QNcE7WQNwXZx48C/sVdR0IU8y2m1pQDVu/r49cwecrdA1wTtZA3BdnHjwL+xV1HQhTzLabWlANW7+vj1zB5yt0DXBO1kDcF2ce', '9tlYQsN+YiAXAKObhSULXx/1YyeECYnQ', 'uoc9CTn0QJnCA3/FiE4664EGIA29rRGymBmdBKK7DG26hz0J', 'AES-256-CBC', 'HMAC-SHA256', 'RnRqEjNAkFLn6so0Hc8DUD/IIcvXDDEKGtEQScqJuylGdGoSM0CQUufqyjQdzwNQP8ghy9cMMQoa0RBJyom7KUZ0ahIzQJBS5+rKNB3PA1A/yCHL1wwxChrREEnKibsp', '2026-03-28 10:46:00'),
(37, 'Adiantamento de material', 'O aceitante recebe material escolar e compromete-se a pagar 22 euros. Referência interna DEMO-037.', 12, 20, 'pendente', 'publico', '2026-03-23 11:07:00', '2026-03-23 13:07:00', NULL, NULL, NULL, NULL, NULL, NULL, NULL),
(38, 'Compromisso de devolução', 'O objeto emprestado deve ser devolvido sem danos até à data acordada. Referência interna DEMO-038.', 15, 7, 'assinado', 'publico', '2026-03-25 12:18:00', '2026-03-25 14:18:00', NULL, NULL, NULL, NULL, NULL, NULL, NULL),
(39, 'Acordo de coworking', 'As despesas do espaço de trabalho serão partilhadas durante o mês corrente. Referência interna DEMO-039.', 18, 14, 'rejeitado', 'privado', '2026-03-27 13:29:00', '2026-03-27 15:29:00', NULL, NULL, NULL, NULL, NULL, NULL, NULL),
(40, 'Pagamento de domínio web', 'O aceitante reembolsa o custo anual do domínio no valor de 14 euros. Referência interna DEMO-040.', 1, 2, 'assinado', 'publico', '2026-03-29 14:40:00', '2026-03-29 16:40:00', 'ixFBnBgqYI7/oZAgdhVktdax0RFya+5ZVjcLE2jalTeLEUGcGCpgjv+hkCB2FWS11rHREXJr7llWNwsTaNqVN4sRQZwYKmCO/6GQIHYVZLXWsdERcmvuWVY3CxNo2pU3', 'mH4c+YIxldRKGS/5mLCWqUn0/hwWEaE+', 'jrqTyZb2aQYoBdqMJaBI0in3f8hfYDrl9tX3RKvbHiuOupPJ', 'AES-256-CBC', 'HMAC-SHA256', 'JBlubIEji7Yq9SgUqwEJ28qpI69VzVqrUDzmsbz0T9UkGW5sgSOLtir1KBSrAQnbyqkjr1XNWqtQPOaxvPRP1SQZbmyBI4u2KvUoFKsBCdvKqSOvVc1aq1A85rG89E/V', '2026-04-05 14:40:00'),
(41, 'Empréstimo de 10 euros', 'Devo-te 10 euros mas juro que te pago amanhã! Referência interna DEMO-041.', 4, 8, 'assinado', 'publico', '2026-03-31 15:01:00', '2026-03-31 17:01:00', NULL, NULL, NULL, NULL, NULL, NULL, NULL),
(42, 'Pagamento de renda partilhada', 'Comprometo-me a transferir 120 euros referentes à renda partilhada até sexta-feira. Referência interna DEMO-042.', 7, 15, 'pendente', 'publico', '2026-04-02 16:12:00', '2026-04-02 18:12:00', NULL, NULL, NULL, NULL, NULL, NULL, NULL),
(43, 'Bilhete de concerto', 'A Carla adianta 35 euros pelo bilhete e a Ana paga até ao final do mês. Referência interna DEMO-043.', 10, 2, 'assinado', 'privado', '2026-04-04 17:23:00', '2026-04-04 19:23:00', NULL, NULL, NULL, NULL, NULL, NULL, NULL),
(44, 'Compra de livros', 'O proponente entrega três livros técnicos e o aceitante paga 45 euros na entrega. Referência interna DEMO-044.', 13, 9, 'sanado', 'publico', '2026-04-06 18:34:00', '2026-04-06 20:34:00', NULL, NULL, NULL, NULL, NULL, NULL, NULL),
(45, 'Reembolso de jantar', 'O aceitante reembolsa 18 euros do jantar de grupo até amanhã às 20h. Referência interna DEMO-045.', 16, 17, 'pendente', 'publico', '2026-04-08 10:45:00', '2026-04-08 12:45:00', NULL, NULL, NULL, NULL, NULL, NULL, NULL),
(46, 'Partilha de despesas de viagem', 'As despesas de combustível serão divididas em partes iguais entre os dois utilizadores. Referência interna DEMO-046.', 19, 3, 'assinado', 'publico', '2026-04-10 11:06:00', '2026-04-10 13:06:00', NULL, NULL, NULL, NULL, NULL, NULL, NULL),
(47, 'Cedência temporária de portátil', 'O portátil é cedido durante sete dias e deve ser devolvido em bom estado. Referência interna DEMO-047.', 2, 10, 'rejeitado', 'privado', '2026-04-12 12:17:00', '2026-04-12 14:17:00', NULL, NULL, NULL, NULL, NULL, NULL, NULL),
(48, 'Pagamento de explicações', 'O aceitante paga 60 euros por quatro sessões de explicações de programação. Referência interna DEMO-048.', 5, 17, 'assinado', 'publico', '2026-04-14 13:28:00', '2026-04-14 15:28:00', NULL, NULL, NULL, NULL, NULL, NULL, NULL),
(49, 'Contrato de caução', 'O valor de 50 euros fica retido como caução até devolução do equipamento. Referência interna DEMO-049.', 8, 4, 'assinado', 'publico', '2026-04-16 14:39:00', '2026-04-16 16:39:00', NULL, NULL, NULL, NULL, NULL, NULL, NULL),
(50, 'Entrega de projeto', 'O proponente compromete-se a entregar a versão final do projeto até domingo. Referência interna DEMO-050.', 11, 12, 'pendente', 'publico', '2026-04-18 15:00:00', '2026-04-18 17:00:00', 'QEN4dgfDgPiVqvrdMIVYyAx3HrroCbO76+JML1VyO5lAQ3h2B8OA+JWq+t0whVjIDHceuugJs7vr4kwvVXI7mUBDeHYHw4D4lar63TCFWMgMdx666Amzu+viTC9VcjuZ', '3fGUvAb9FTzU/n/heMvFF76kg/XqE8ZT', 'k4kAWUvyFJeEiVjjwN1smCCwITqzAyxPJRmUGjnLj6iTiQBZ', 'AES-256-CBC', 'HMAC-SHA256', '1JN8CE6rA08CPzKwSFkDznZX90bZ3ahVwRfnsNkfjcnUk3wITqsDTwI/MrBIWQPOdlf3RtndqFXBF+ew2R+NydSTfAhOqwNPAj8ysEhZA852V/dG2d2oVcEX57DZH43J', '2026-04-25 15:00:00'),
(51, 'Empréstimo para almoço', 'O aceitante reconhece uma dívida de 7 euros relativa ao almoço. Referência interna DEMO-051.', 14, 18, 'assinado', 'privado', '2026-04-20 16:11:00', '2026-04-20 18:11:00', NULL, NULL, NULL, NULL, NULL, NULL, NULL),
(52, 'Reserva de alojamento', 'O aceitante paga metade do valor da reserva até ao final da semana. Referência interna DEMO-052.', 17, 5, 'sanado', 'publico', '2026-04-22 17:22:00', '2026-04-22 19:22:00', NULL, NULL, NULL, NULL, NULL, NULL, NULL),
(53, 'Venda de bicicleta', 'O proponente vende uma bicicleta usada por 95 euros, paga no ato da entrega. Referência interna DEMO-053.', 20, 12, 'pendente', 'publico', '2026-04-24 18:33:00', '2026-04-24 20:33:00', NULL, NULL, NULL, NULL, NULL, NULL, NULL),
(54, 'Pagamento faseado', 'O valor total de 200 euros será pago em quatro prestações mensais de 50 euros. Referência interna DEMO-054.', 3, 19, 'assinado', 'publico', '2026-04-26 10:44:00', '2026-04-26 12:44:00', NULL, NULL, NULL, NULL, NULL, NULL, NULL),
(55, 'Acordo de revisão de código', 'O proponente fará uma revisão de código e receberá 25 euros pelo serviço. Referência interna DEMO-055.', 6, 7, 'rejeitado', 'privado', '2026-04-28 11:05:00', '2026-04-28 13:05:00', NULL, NULL, NULL, NULL, NULL, NULL, NULL),
(56, 'Contrato cifrado temporário', 'Este contrato fica cifrado temporariamente, mantendo o criptograma visível publicamente. Referência interna DEMO-056.', 9, 13, 'assinado', 'publico', '2026-04-30 12:16:00', '2026-04-30 14:16:00', 'R+PZg2AzWTx6OArQud2VF5d4eZHnXh8ScipmOYmn+ZpH49mDYDNZPHo4CtC53ZUXl3h5kedeHxJyKmY5iaf5mkfj2YNgM1k8ejgK0LndlReXeHmR514fEnIqZjmJp/ma', 'GL1LYJfYzB6w2ns49Cb87ydRZOPhUmeq', 'NSyB/Z6kofPY72yyc1La8fZSWG90tsyHPV2yWZ4xirY1LIH9', 'AES-256-CBC', 'HMAC-SHA256', 'WgjxMm+AUfZUtDBBCeHsDMc0inAzkufXHViX4vWMoVdaCPEyb4BR9lS0MEEJ4ewMxzSKcDOS59cdWJfi9YyhV1oI8TJvgFH2VLQwQQnh7AzHNIpwM5Ln1x1Yl+L1jKFX', '2026-05-07 12:16:00'),
(57, 'Adiantamento de material', 'O aceitante recebe material escolar e compromete-se a pagar 22 euros. Referência interna DEMO-057.', 12, 20, 'assinado', 'publico', '2026-05-02 13:27:00', '2026-05-02 15:27:00', NULL, NULL, NULL, NULL, NULL, NULL, NULL),
(58, 'Compromisso de devolução', 'O objeto emprestado deve ser devolvido sem danos até à data acordada. Referência interna DEMO-058.', 15, 7, 'pendente', 'publico', '2026-05-04 14:38:00', '2026-05-04 16:38:00', NULL, NULL, NULL, NULL, NULL, NULL, NULL),
(59, 'Acordo de coworking', 'As despesas do espaço de trabalho serão partilhadas durante o mês corrente. Referência interna DEMO-059.', 18, 14, 'assinado', 'privado', '2026-05-06 15:49:00', '2026-05-06 17:49:00', NULL, NULL, NULL, NULL, NULL, NULL, NULL),
(60, 'Pagamento de domínio web', 'O aceitante reembolsa o custo anual do domínio no valor de 14 euros. Referência interna DEMO-060.', 1, 2, 'sanado', 'publico', '2026-05-08 16:10:00', '2026-05-08 18:10:00', '5rJzrWzJwKJx+DT1OgAxUQeQ9w+hHDktw+Ri3Mlo5TjmsnOtbMnAonH4NPU6ADFRB5D3D6EcOS3D5GLcyWjlOOayc61sycCicfg09ToAMVEHkPcPoRw5LcPkYtzJaOU4', 'dkVOIgZVR3tt1YiERw9NAou0eJkD0KU/', 'EUHTwWcd695JKYDepF9PF5FEtNZZpSL/pGLntEzdW8URQdPB', 'AES-256-CBC', 'HMAC-SHA256', 'Jry32Q7BMMhQj45hMviXq1wb/4SHjCPKS2W/8f+636MmvLfZDsEwyFCPjmEy+JerXBv/hIeMI8pLZb/x/7rfoya8t9kOwTDIUI+OYTL4l6tcG/+Eh4wjyktlv/H/ut+j', '2026-05-15 16:10:00');

INSERT INTO assinaturas_contrato (id_contrato, id_utilizador, tipo_assinante, assinatura_digital, data_assinatura) VALUES
(1, 4, 'proponente', 'gvzGTopc/brRzLHAK1rBaQYzAMWUCohhfmKegdPvawAo/IJUebQn9qQP7fzckShZIy4nj8XWT+HIs+tNgyz7UIL8xk6KXP260cyxwCtawWkGMwDFlAqIYX5inoHT72sAKPyCVHm0J/akD+383JEoWSMuJ4/F1k/hyLPrTYMs+1CC/MZOilz9utHMscArWsFpBjMAxZQKiGF+Yp6B0+9rACj8glR5tCf2pA/t/NyRKFkjLiePxdZP4ciz602DLPtQgvzGTopc/brRzLHAK1rBaQYzAMWUCohhfmKegdPvawAo/IJUebQn9qQP7fzckShZIy4nj8XWT+HIs+tNgyz7UA==', '2026-01-10 11:23:00'),
(1, 8, 'aceitante', 'vN2UjMF9A0ibBvMeEVm0gFZLxOXPb7pwBgaKPLVTjTboAAgH6oRPcDWt48eZUCZpVHHKHFbpHtIjVSWMxggnQrzdlIzBfQNImwbzHhFZtIBWS8Tlz2+6cAYGijy1U4026AAIB+qET3A1rePHmVAmaVRxyhxW6R7SI1UljMYIJ0K83ZSMwX0DSJsG8x4RWbSAVkvE5c9vunAGBoo8tVONNugACAfqhE9wNa3jx5lQJmlUccocVuke0iNVJYzGCCdCvN2UjMF9A0ibBvMeEVm0gFZLxOXPb7pwBgaKPLVTjTboAAgH6oRPcDWt48eZUCZpVHHKHFbpHtIjVSWMxggnQg==', '2026-01-10 12:16:00'),
(2, 7, 'proponente', 'dCn/UCNLwrfgnVZhF7B1tBk04JqG1FCB8hSE0+/13HSoRtIDikx8uhM0wzbDAO7e7hfxhi9PyWqTv1aD18ZSLXQp/1AjS8K34J1WYRewdbQZNOCahtRQgfIUhNPv9dx0qEbSA4pMfLoTNMM2wwDu3u4X8YYvT8lqk79Wg9fGUi10Kf9QI0vCt+CdVmEXsHW0GTTgmobUUIHyFITT7/XcdKhG0gOKTHy6EzTDNsMA7t7uF/GGL0/JapO/VoPXxlItdCn/UCNLwrfgnVZhF7B1tBk04JqG1FCB8hSE0+/13HSoRtIDikx8uhM0wzbDAO7e7hfxhi9PyWqTv1aD18ZSLQ==', '2026-01-12 12:34:00'),
(2, 15, 'aceitante', NULL, NULL),
(3, 10, 'proponente', 'pPi71143K/D3wh4Q1rGUtAU/RxJi1YkEVtW2nWUXKqSsXQ2sajI6EgrKSsOZ2CZMokA1//C1F8cFkjene4JH3aT4u9deNyvw98IeENaxlLQFP0cSYtWJBFbVtp1lFyqkrF0NrGoyOhIKykrDmdgmTKJANf/wtRfHBZI3p3uCR92k+LvXXjcr8PfCHhDWsZS0BT9HEmLViQRW1badZRcqpKxdDaxqMjoSCspKw5nYJkyiQDX/8LUXxwWSN6d7gkfdpPi71143K/D3wh4Q1rGUtAU/RxJi1YkEVtW2nWUXKqSsXQ2sajI6EgrKSsOZ2CZMokA1//C1F8cFkjene4JH3Q==', '2026-01-14 13:45:00'),
(3, 2, 'aceitante', 'mWrdWEJKjsFdMPaNAUBzfUvwJKJZcQxjSb4+LsttBrMQ1g5NKuUlsKiYgmiIXaV9c4orNQzTFR1VZPD9foSJsplq3VhCSo7BXTD2jQFAc31L8CSiWXEMY0m+Pi7LbQazENYOTSrlJbComIJoiF2lfXOKKzUM0xUdVWTw/X6EibKZat1YQkqOwV0w9o0BQHN9S/AkollxDGNJvj4uy20GsxDWDk0q5SWwqJiCaIhdpX1ziis1DNMVHVVk8P1+hImymWrdWEJKjsFdMPaNAUBzfUvwJKJZcQxjSb4+LsttBrMQ1g5NKuUlsKiYgmiIXaV9c4orNQzTFR1VZPD9foSJsg==', '2026-01-14 14:38:00'),
(4, 13, 'proponente', 'KcegogC+K0MZS7TLYc0b9DhogQCNV0wiwZ+CcXfDqmLRIeWxAOkzsdFRyAA2oosXIfdxDt/h3lKAoa/r30IQ3ynHoKIAvitDGUu0y2HNG/Q4aIEAjVdMIsGfgnF3w6pi0SHlsQDpM7HRUcgANqKLFyH3cQ7f4d5SgKGv699CEN8px6CiAL4rQxlLtMthzRv0OGiBAI1XTCLBn4Jxd8OqYtEh5bEA6TOx0VHIADaiixch93EO3+HeUoChr+vfQhDfKcegogC+K0MZS7TLYc0b9DhogQCNV0wiwZ+CcXfDqmLRIeWxAOkzsdFRyAA2oosXIfdxDt/h3lKAoa/r30IQ3w==', '2026-01-16 14:56:00'),
(4, 9, 'aceitante', 'YuxSNyYUTNIHVs1ihEQiGOaPW7ucgWY5qygJpsYew4TfaLLQpwkBEVzyn78oPgELHItTXfz/+laQGjzHzeErf2LsUjcmFEzSB1bNYoREIhjmj1u7nIFmOasoCabGHsOE32iy0KcJARFc8p+/KD4BCxyLU138//pWkBo8x83hK39i7FI3JhRM0gdWzWKERCIY5o9bu5yBZjmrKAmmxh7DhN9ostCnCQERXPKfvyg+AQsci1Nd/P/6VpAaPMfN4St/YuxSNyYUTNIHVs1ihEQiGOaPW7ucgWY5qygJpsYew4TfaLLQpwkBEVzyn78oPgELHItTXfz/+laQGjzHzeErfw==', '2026-01-16 15:49:00'),
(5, 16, 'proponente', 'J6i5sJ7+SsOe7O/5keTegfu9hrgJ/gbADJrwDqVEKw0kFl7n2igZAoQmGK6OeYO8KNpWjvj+Dd3kIHiCa5mKwieoubCe/krDnuzv+ZHk3oH7vYa4Cf4GwAya8A6lRCsNJBZe59ooGQKEJhiujnmDvCjaVo74/g3d5CB4gmuZisInqLmwnv5Kw57s7/mR5N6B+72GuAn+BsAMmvAOpUQrDSQWXufaKBkChCYYro55g7wo2laO+P4N3eQgeIJrmYrCJ6i5sJ7+SsOe7O/5keTegfu9hrgJ/gbADJrwDqVEKw0kFl7n2igZAoQmGK6OeYO8KNpWjvj+Dd3kIHiCa5mKwg==', '2026-01-18 15:17:00'),
(5, 17, 'aceitante', NULL, NULL),
(6, 19, 'proponente', 'UeJSW8FD8Sx4v4kUuXNNJCtb4M4jEU3GpK2h/PsvFE8kUfilhudPYCUPR1qjlyK7uksPOciLeZs9/GX/n5W0+FHiUlvBQ/EseL+JFLlzTSQrW+DOIxFNxqStofz7LxRPJFH4pYbnT2AlD0dao5ciu7pLDznIi3mbPfxl/5+VtPhR4lJbwUPxLHi/iRS5c00kK1vgziMRTcakraH8+y8UTyRR+KWG509gJQ9HWqOXIru6Sw85yIt5mz38Zf+flbT4UeJSW8FD8Sx4v4kUuXNNJCtb4M4jEU3GpK2h/PsvFE8kUfilhudPYCUPR1qjlyK7uksPOciLeZs9/GX/n5W0+A==', '2026-01-20 16:28:00'),
(6, 3, 'aceitante', 'gPq0KsZ7ZQOKXT/hWnHmTf6AvnuNrGLHh28YP67K1Lf2a8B2cgMnhSHwrPmI9+iIc+eL0kAH4FxxMINek1XpiID6tCrGe2UDil0/4Vpx5k3+gL57jaxix4dvGD+uytS39mvAdnIDJ4Uh8Kz5iPfoiHPni9JAB+BccTCDXpNV6YiA+rQqxntlA4pdP+FaceZN/oC+e42sYseHbxg/rsrUt/ZrwHZyAyeFIfCs+Yj36Ihz54vSQAfgXHEwg16TVemIgPq0KsZ7ZQOKXT/hWnHmTf6AvnuNrGLHh28YP67K1Lf2a8B2cgMnhSHwrPmI9+iIc+eL0kAH4FxxMINek1XpiA==', '2026-01-20 17:21:00'),
(7, 2, 'proponente', 'URMi6E2dGaWw9O2JvW9ezQx65cRtuSxgbzzF59F2QIaeUS0lz147ijKZwcZNU8lYcxTalrqF4q9jFPwgaLaua1ETIuhNnRmlsPTtib1vXs0MeuXEbbksYG88xefRdkCGnlEtJc9eO4oymcHGTVPJWHMU2pa6heKvYxT8IGi2rmtREyLoTZ0ZpbD07Ym9b17NDHrlxG25LGBvPMXn0XZAhp5RLSXPXjuKMpnBxk1TyVhzFNqWuoXir2MU/CBotq5rURMi6E2dGaWw9O2JvW9ezQx65cRtuSxgbzzF59F2QIaeUS0lz147ijKZwcZNU8lYcxTalrqF4q9jFPwgaLauaw==', '2026-01-22 17:39:00'),
(7, 10, 'aceitante', NULL, NULL),
(8, 5, 'proponente', '/VBmGhgnVPVxv8Vp4+jiEOx9w1opAhUCx3HmtDGeYgTUHRixOgGZZQ3OoVNf6ZENeBnhFvsnQzbTmSgfXlErJ/1QZhoYJ1T1cb/FaePo4hDsfcNaKQIVAsdx5rQxnmIE1B0YsToBmWUNzqFTX+mRDXgZ4Rb7J0M205koH15RKyf9UGYaGCdU9XG/xWnj6OIQ7H3DWikCFQLHcea0MZ5iBNQdGLE6AZllDc6hU1/pkQ14GeEW+ydDNtOZKB9eUSsn/VBmGhgnVPVxv8Vp4+jiEOx9w1opAhUCx3HmtDGeYgTUHRixOgGZZQ3OoVNf6ZENeBnhFvsnQzbTmSgfXlErJw==', '2026-01-24 18:50:00'),
(8, 17, 'aceitante', 't2AAIUaMd0tDOcO9OXZhIKSHYvIyUXzZPK5KUF3/RlDZvP6ewdPJMh80jNycsQ4uQXQClJqW5VNMo+Cqy9Un3LdgACFGjHdLQznDvTl2YSCkh2LyMlF82TyuSlBd/0ZQ2bz+nsHTyTIfNIzcnLEOLkF0ApSaluVTTKPgqsvVJ9y3YAAhRox3S0M5w705dmEgpIdi8jJRfNk8rkpQXf9GUNm8/p7B08kyHzSM3JyxDi5BdAKUmpblU0yj4KrL1Sfct2AAIUaMd0tDOcO9OXZhIKSHYvIyUXzZPK5KUF3/RlDZvP6ewdPJMh80jNycsQ4uQXQClJqW5VNMo+Cqy9Un3A==', '2026-01-24 19:43:00'),
(9, 8, 'proponente', 'DftaL5T78LnP9h8vGfbMcvhwO4n3j4lBSlNQgjqYb5NORFMUomB7Tu9Ycn2a1DVa0ZYcLhVbPZCBgmD6ymE62w37Wi+U+/C5z/YfLxn2zHL4cDuJ94+JQUpTUII6mG+TTkRTFKJge07vWHJ9mtQ1WtGWHC4VWz2QgYJg+sphOtsN+1ovlPvwuc/2Hy8Z9sxy+HA7ifePiUFKU1CCOphvk05EUxSiYHtO71hyfZrUNVrRlhwuFVs9kIGCYPrKYTrbDftaL5T78LnP9h8vGfbMcvhwO4n3j4lBSlNQgjqYb5NORFMUomB7Tu9Ycn2a1DVa0ZYcLhVbPZCBgmD6ymE62w==', '2026-01-26 11:01:00'),
(9, 4, 'aceitante', 'b3zpnRLNZJHn/vFGaHSGMtaqVR2kb6LtzLa/o3fdJ/mTqaayScm6iHxktMKtEEnH/YExHz21DoJTzJDxFhbAMm986Z0SzWSR5/7xRmh0hjLWqlUdpG+i7cy2v6N33Sf5k6mmsknJuoh8ZLTCrRBJx/2BMR89tQ6CU8yQ8RYWwDJvfOmdEs1kkef+8UZodIYy1qpVHaRvou3Mtr+jd90n+ZOpprJJybqIfGS0wq0QScf9gTEfPbUOglPMkPEWFsAyb3zpnRLNZJHn/vFGaHSGMtaqVR2kb6LtzLa/o3fdJ/mTqaayScm6iHxktMKtEEnH/YExHz21DoJTzJDxFhbAMg==', '2026-01-26 11:54:00'),
(10, 11, 'proponente', 'WSk704ZAXsxraNGrveh4RfEzN9DcxO+9apDVe6JtRmFYYhhzu2GzXknb4qvd78wm4B4wsP0iNZ0Ux1MnMwBQZVkpO9OGQF7Ma2jRq73oeEXxMzfQ3MTvvWqQ1XuibUZhWGIYc7ths15J2+Kr3e/MJuAeMLD9IjWdFMdTJzMAUGVZKTvThkBezGto0au96HhF8TM30NzE771qkNV7om1GYVhiGHO7YbNeSdviq93vzCbgHjCw/SI1nRTHUyczAFBlWSk704ZAXsxraNGrveh4RfEzN9DcxO+9apDVe6JtRmFYYhhzu2GzXknb4qvd78wm4B4wsP0iNZ0Ux1MnMwBQZQ==', '2026-01-28 11:22:00'),
(10, 12, 'aceitante', NULL, NULL),
(11, 14, 'proponente', 'fpG+FeOCifg+m/bph4uO3iUwJEqn8qh3gpvSyAl3DKQe0ir9TXqniOxASBK/1UtnPpP8nqpsdEQ9mhR2BiBmgH6RvhXjgon4Ppv26YeLjt4lMCRKp/Kod4Kb0sgJdwykHtIq/U16p4jsQEgSv9VLZz6T/J6qbHREPZoUdgYgZoB+kb4V44KJ+D6b9umHi47eJTAkSqfyqHeCm9LICXcMpB7SKv1NeqeI7EBIEr/VS2c+k/yeqmx0RD2aFHYGIGaAfpG+FeOCifg+m/bph4uO3iUwJEqn8qh3gpvSyAl3DKQe0ir9TXqniOxASBK/1UtnPpP8nqpsdEQ9mhR2BiBmgA==', '2026-01-30 12:33:00'),
(11, 18, 'aceitante', 'dl6jYjaSSYiUJuhHtuGv9T7mNnjAi2OtZswSLXxXQlHmaI2xpHp5ppoAbR0LGT0LN+fHe/FWISgg6BaP1PAJ/3Zeo2I2kkmIlCboR7bhr/U+5jZ4wItjrWbMEi18V0JR5miNsaR6eaaaAG0dCxk9Czfnx3vxViEoIOgWj9TwCf92XqNiNpJJiJQm6Ee24a/1PuY2eMCLY61mzBItfFdCUeZojbGkenmmmgBtHQsZPQs358d78VYhKCDoFo/U8An/dl6jYjaSSYiUJuhHtuGv9T7mNnjAi2OtZswSLXxXQlHmaI2xpHp5ppoAbR0LGT0LN+fHe/FWISgg6BaP1PAJ/w==', '2026-01-30 13:26:00'),
(12, 17, 'proponente', 'iGks3JP/vJO7OUJ+IzaUU/mF86w3JMJnKPZYXTvdiIKNOb50l2ofXc0xUmi1hAsiRubDQBj9zZU8+jd9jIfTgohpLNyT/7yTuzlCfiM2lFP5hfOsNyTCZyj2WF073YiCjTm+dJdqH13NMVJotYQLIkbmw0AY/c2VPPo3fYyH04KIaSzck/+8k7s5Qn4jNpRT+YXzrDckwmco9lhdO92Igo05vnSXah9dzTFSaLWECyJG5sNAGP3NlTz6N32Mh9OCiGks3JP/vJO7OUJ+IzaUU/mF86w3JMJnKPZYXTvdiIKNOb50l2ofXc0xUmi1hAsiRubDQBj9zZU8+jd9jIfTgg==', '2026-02-01 13:44:00'),
(12, 5, 'aceitante', 'nZCBgVKrfDLzhRmZrqGaNEIO3FyTNlSLfeGMD8Ic80CLzDgHAaSC4Bleab2+K+I5HbfybyUU00Ers/QClUW2OZ2QgYFSq3wy84UZma6hmjRCDtxckzZUi33hjA/CHPNAi8w4BwGkguAZXmm9viviOR238m8lFNNBK7P0ApVFtjmdkIGBUqt8MvOFGZmuoZo0Qg7cXJM2VIt94YwPwhzzQIvMOAcBpILgGV5pvb4r4jkdt/JvJRTTQSuz9AKVRbY5nZCBgVKrfDLzhRmZrqGaNEIO3FyTNlSLfeGMD8Ic80CLzDgHAaSC4Bleab2+K+I5HbfybyUU00Ers/QClUW2OQ==', '2026-02-01 14:37:00'),
(13, 20, 'proponente', 'A73BD4ZaMg2UqD/wKj496Gf3V+FBR/T6y/DNjMZjFg8Vi4EIyDeLNRZEvnaQAEheVniEehMCFGVLn5nH/VnmqwO9wQ+GWjINlKg/8Co+Pehn91fhQUf0+svwzYzGYxYPFYuBCMg3izUWRL52kABIXlZ4hHoTAhRlS5+Zx/1Z5qsDvcEPhloyDZSoP/AqPj3oZ/dX4UFH9PrL8M2MxmMWDxWLgQjIN4s1FkS+dpAASF5WeIR6EwIUZUufmcf9WearA73BD4ZaMg2UqD/wKj496Gf3V+FBR/T6y/DNjMZjFg8Vi4EIyDeLNRZEvnaQAEheVniEehMCFGVLn5nH/Vnmqw==', '2026-02-03 14:55:00'),
(13, 12, 'aceitante', NULL, NULL),
(14, 3, 'proponente', 'OlrDvaPRCUKk6iR3QKVopbPMtJC6iJYWxvCsZbP5si0GHy3bh9lLjxh+OP/7vr2BK1giV1NYkIZsiNXlEPeLgzpaw72j0QlCpOokd0ClaKWzzLSQuoiWFsbwrGWz+bItBh8t24fZS48Yfjj/+769gStYIldTWJCGbIjV5RD3i4M6WsO9o9EJQqTqJHdApWils8y0kLqIlhbG8Kxls/myLQYfLduH2UuPGH44//u+vYErWCJXU1iQhmyI1eUQ94uDOlrDvaPRCUKk6iR3QKVopbPMtJC6iJYWxvCsZbP5si0GHy3bh9lLjxh+OP/7vr2BK1giV1NYkIZsiNXlEPeLgw==', '2026-02-05 15:16:00'),
(14, 19, 'aceitante', '6rqVEQ2xol4yc9eNaAyulkuHMzC+4TYADivmeJtJNP0WS/9CYxVthdrxCQ9s1AQsVDUtiBN6hZKQvDGWOK+vPOq6lRENsaJeMnPXjWgMrpZLhzMwvuE2AA4r5nibSTT9Fkv/QmMVbYXa8QkPbNQELFQ1LYgTeoWSkLwxljivrzzqupURDbGiXjJz141oDK6WS4czML7hNgAOK+Z4m0k0/RZL/0JjFW2F2vEJD2zUBCxUNS2IE3qFkpC8MZY4r6886rqVEQ2xol4yc9eNaAyulkuHMzC+4TYADivmeJtJNP0WS/9CYxVthdrxCQ9s1AQsVDUtiBN6hZKQvDGWOK+vPA==', '2026-02-05 16:09:00'),
(15, 6, 'proponente', 'CLyTZJLSGYrPwIU78pXw4NHB2EUBwBBTme86AP1JaRybh4F44IVIQFrRqsGUjnMEQdJjWhU501B4srwpX9uqCwi8k2SS0hmKz8CFO/KV8ODRwdhFAcAQU5nvOgD9SWkcm4eBeOCFSEBa0arBlI5zBEHSY1oVOdNQeLK8KV/bqgsIvJNkktIZis/AhTvylfDg0cHYRQHAEFOZ7zoA/UlpHJuHgXjghUhAWtGqwZSOcwRB0mNaFTnTUHiyvClf26oLCLyTZJLSGYrPwIU78pXw4NHB2EUBwBBTme86AP1JaRybh4F44IVIQFrRqsGUjnMEQdJjWhU501B4srwpX9uqCw==', '2026-02-07 16:27:00'),
(15, 7, 'aceitante', NULL, NULL),
(16, 9, 'proponente', 'ejlb4ExiRG+hrBgZhJSp5v4RlCn0P9x73YmK4EhS/bYbwPIrz6iB/5GdgZ8SrJl0qwlOKfEuksK1Igyrj6n/9Xo5W+BMYkRvoawYGYSUqeb+EZQp9D/ce92JiuBIUv22G8DyK8+ogf+RnYGfEqyZdKsJTinxLpLCtSIMq4+p//V6OVvgTGJEb6GsGBmElKnm/hGUKfQ/3HvdiYrgSFL9thvA8ivPqIH/kZ2BnxKsmXSrCU4p8S6SwrUiDKuPqf/1ejlb4ExiRG+hrBgZhJSp5v4RlCn0P9x73YmK4EhS/bYbwPIrz6iB/5GdgZ8SrJl0qwlOKfEuksK1Igyrj6n/9Q==', '2026-02-09 17:38:00'),
(16, 13, 'aceitante', 'SZtOPDUtMHMeBvAo42MN4iWATQgIG/t4AF3x/ChBKwiZ+eXTHkhgNHg80Vk+sP79VNyIFKbDh2LV/dJeCf6odUmbTjw1LTBzHgbwKONjDeIlgE0ICBv7eABd8fwoQSsImfnl0x5IYDR4PNFZPrD+/VTciBSmw4di1f3SXgn+qHVJm048NS0wcx4G8CjjYw3iJYBNCAgb+3gAXfH8KEErCJn55dMeSGA0eDzRWT6w/v1U3IgUpsOHYtX90l4J/qh1SZtOPDUtMHMeBvAo42MN4iWATQgIG/t4AF3x/ChBKwiZ+eXTHkhgNHg80Vk+sP79VNyIFKbDh2LV/dJeCf6odQ==', '2026-02-09 18:31:00'),
(17, 12, 'proponente', 'OBOPWFrlDRwi9wid7vgghHlo85vspcp5YVh7aQUGERg5Sz6LKnjRYCQ1vZcPgGLlOux7bXXy8N3KrweyqD4unDgTj1ha5Q0cIvcIne74IIR5aPOb7KXKeWFYe2kFBhEYOUs+iyp40WAkNb2XD4Bi5Trse2118vDdyq8Hsqg+Lpw4E49YWuUNHCL3CJ3u+CCEeWjzm+ylynlhWHtpBQYRGDlLPosqeNFgJDW9lw+AYuU67HttdfLw3cqvB7KoPi6cOBOPWFrlDRwi9wid7vgghHlo85vspcp5YVh7aQUGERg5Sz6LKnjRYCQ1vZcPgGLlOux7bXXy8N3KrweyqD4unA==', '2026-02-11 18:49:00'),
(17, 20, 'aceitante', 'bKitpm7KaBc7otBDVzHTXda6zI+3IhxMTrKJyC/+8NOZeTGXtl47x18A1Obg9jJNu3Ffw7sjknVc0r+6SfHVKGyoraZuymgXO6LQQ1cx013WusyPtyIcTE6yicgv/vDTmXkxl7ZeO8dfANTm4PYyTbtxX8O7I5J1XNK/uknx1ShsqK2mbspoFzui0ENXMdNd1rrMj7ciHExOsonIL/7w05l5MZe2XjvHXwDU5uD2Mk27cV/DuyOSdVzSv7pJ8dUobKitpm7KaBc7otBDVzHTXda6zI+3IhxMTrKJyC/+8NOZeTGXtl47x18A1Obg9jJNu3Ffw7sjknVc0r+6SfHVKA==', '2026-02-11 19:42:00'),
(18, 15, 'proponente', 'JnDUmLrr4Q3axNdW0oTTzE7fOxSSxRVneT8KEIxyQaDeGhBcifpl11tZ1lgGNTNjRdNjfa/bnc1dcKYwfIFaqSZw1Ji66+EN2sTXVtKE08xO3zsUksUVZ3k/ChCMckGg3hoQXIn6ZddbWdZYBjUzY0XTY32v253NXXCmMHyBWqkmcNSYuuvhDdrE11bShNPMTt87FJLFFWd5PwoQjHJBoN4aEFyJ+mXXW1nWWAY1M2NF02N9r9udzV1wpjB8gVqpJnDUmLrr4Q3axNdW0oTTzE7fOxSSxRVneT8KEIxyQaDeGhBcifpl11tZ1lgGNTNjRdNjfa/bnc1dcKYwfIFaqQ==', '2026-02-13 11:00:00'),
(18, 7, 'aceitante', NULL, NULL),
(19, 18, 'proponente', 'BDlZhb15Z0+KamJfDEnqXSClWgGFqsjylTO1h6pX3jo0tFFE5abArBrz/ncc/sTSswpTydmIsb70Rur+xAl9SgQ5WYW9eWdPimpiXwxJ6l0gpVoBharI8pUztYeqV946NLRRROWmwKwa8/53HP7E0rMKU8nZiLG+9Ebq/sQJfUoEOVmFvXlnT4pqYl8MSepdIKVaAYWqyPKVM7WHqlfeOjS0UUTlpsCsGvP+dxz+xNKzClPJ2YixvvRG6v7ECX1KBDlZhb15Z0+KamJfDEnqXSClWgGFqsjylTO1h6pX3jo0tFFE5abArBrz/ncc/sTSswpTydmIsb70Rur+xAl9Sg==', '2026-02-15 11:21:00'),
(19, 14, 'aceitante', 'QIUJOs+VNNtv3/bMOtpYdQJ6LqzkxkCgfZyZ2eaDdvP4OF39kzSTif0MkcCmDpl/tVn2FhDDMKjcm54rfwa2HECFCTrPlTTbb9/2zDraWHUCei6s5MZAoH2cmdnmg3bz+Dhd/ZM0k4n9DJHApg6Zf7VZ9hYQwzCo3JueK38GthxAhQk6z5U022/f9sw62lh1AnourOTGQKB9nJnZ5oN28/g4Xf2TNJOJ/QyRwKYOmX+1WfYWEMMwqNybnit/BrYcQIUJOs+VNNtv3/bMOtpYdQJ6LqzkxkCgfZyZ2eaDdvP4OF39kzSTif0MkcCmDpl/tVn2FhDDMKjcm54rfwa2HA==', '2026-02-15 12:14:00'),
(20, 1, 'proponente', '6evOdNF+wG/X1V3j/vFIqxx6PfmtXYa97WSdXZnAVXt3mGWGt3DFof274LDvNpItR6YKBtOKvHMKNPN9rc5tmenrznTRfsBv19Vd4/7xSKscej35rV2Gve1knV2ZwFV7d5hlhrdwxaH9u+Cw7zaSLUemCgbTirxzCjTzfa3ObZnp68500X7Ab9fVXeP+8UirHHo9+a1dhr3tZJ1dmcBVe3eYZYa3cMWh/bvgsO82ki1HpgoG04q8cwo0832tzm2Z6evOdNF+wG/X1V3j/vFIqxx6PfmtXYa97WSdXZnAVXt3mGWGt3DFof274LDvNpItR6YKBtOKvHMKNPN9rc5tmQ==', '2026-02-17 12:32:00'),
(20, 2, 'aceitante', 'mtsQqkDIVr+MivjPTMBtonp8N/1KDI44TtWASglq7KzVpc46fe0/iMqMVrHD5Nzz28WGT6dk9tjU6TcwKs7sNJrbEKpAyFa/jIr4z0zAbaJ6fDf9SgyOOE7VgEoJauys1aXOOn3tP4jKjFaxw+Tc89vFhk+nZPbY1Ok3MCrO7DSa2xCqQMhWv4yK+M9MwG2ienw3/UoMjjhO1YBKCWrsrNWlzjp97T+IyoxWscPk3PPbxYZPp2T22NTpNzAqzuw0mtsQqkDIVr+MivjPTMBtonp8N/1KDI44TtWASglq7KzVpc46fe0/iMqMVrHD5Nzz28WGT6dk9tjU6TcwKs7sNA==', '2026-02-17 13:25:00'),
(21, 4, 'proponente', 'qROLVfb/J+bzAJy+0Fv7k+ji5AjvNqaJOVXe6ChBQ1BnRYWswEV5d4uh/ei+uDxEG95GS5QIp9ZdZQKq+MP/PqkTi1X2/yfm8wCcvtBb+5Po4uQI7zamiTlV3ugoQUNQZ0WFrMBFeXeLof3ovrg8RBveRkuUCKfWXWUCqvjD/z6pE4tV9v8n5vMAnL7QW/uT6OLkCO82pok5Vd7oKEFDUGdFhazARXl3i6H96L64PEQb3kZLlAin1l1lAqr4w/8+qROLVfb/J+bzAJy+0Fv7k+ji5AjvNqaJOVXe6ChBQ1BnRYWswEV5d4uh/ei+uDxEG95GS5QIp9ZdZQKq+MP/Pg==', '2026-02-19 13:43:00'),
(21, 8, 'aceitante', NULL, NULL),
(22, 7, 'proponente', 'CXAT2mEejkSQGwLGdPVjnsaVUsuM3sTU2wt6b134YmqKRI2vbMmHoAFx6fDiSM0l9Y++wrbCVdeP5ru9wLoH/glwE9phHo5EkBsCxnT1Y57GlVLLjN7E1NsLem9d+GJqikSNr2zJh6ABcenw4kjNJfWPvsK2wlXXj+a7vcC6B/4JcBPaYR6ORJAbAsZ09WOexpVSy4zexNTbC3pvXfhiaopEja9syYegAXHp8OJIzSX1j77CtsJV14/mu73Augf+CXAT2mEejkSQGwLGdPVjnsaVUsuM3sTU2wt6b134YmqKRI2vbMmHoAFx6fDiSM0l9Y++wrbCVdeP5ru9wLoH/g==', '2026-02-21 14:54:00'),
(22, 15, 'aceitante', '6TVY7s1fi78vuyztM2U1IfaPFxtqG6KRIms7Kz+DPNHzUB9L6zj2NGDWHaWh5dCgnv3m3TO3wdlAB/C42CTNeOk1WO7NX4u/L7ss7TNlNSH2jxcbahuikSJrOys/gzzR81AfS+s49jRg1h2loeXQoJ795t0zt8HZQAfwuNgkzXjpNVjuzV+Lvy+7LO0zZTUh9o8XG2obopEiazsrP4M80fNQH0vrOPY0YNYdpaHl0KCe/ebdM7fB2UAH8LjYJM146TVY7s1fi78vuyztM2U1IfaPFxtqG6KRIms7Kz+DPNHzUB9L6zj2NGDWHaWh5dCgnv3m3TO3wdlAB/C42CTNeA==', '2026-02-21 15:47:00'),
(23, 10, 'proponente', 'fklqxFGuJcnpVlAVB+awa3PYj2acKay23UpXjer/B5GgfD8FhyWaFvHnxg546WVR+vZ6P+/8Szdsw1/KMlcpCn5JasRRriXJ6VZQFQfmsGtz2I9mnCmstt1KV43q/weRoHw/BYclmhbx58YOeOllUfr2ej/v/Es3bMNfyjJXKQp+SWrEUa4lyelWUBUH5rBrc9iPZpwprLbdSleN6v8HkaB8PwWHJZoW8efGDnjpZVH69no/7/xLN2zDX8oyVykKfklqxFGuJcnpVlAVB+awa3PYj2acKay23UpXjer/B5GgfD8FhyWaFvHnxg546WVR+vZ6P+/8Szdsw1/KMlcpCg==', '2026-02-23 15:15:00'),
(23, 2, 'aceitante', NULL, NULL),
(24, 13, 'proponente', 'eLtI2nSmm69Iv+P4f5z8kEGV0Fv0LfOc0BKENN4uwfWhFpA25kQ1JWQyR38McX483ZSJWNGWjZDOzAD5jUuOani7SNp0ppuvSL/j+H+c/JBBldBb9C3znNAShDTeLsH1oRaQNuZENSVkMkd/DHF+PN2UiVjRlo2QzswA+Y1Ljmp4u0jadKabr0i/4/h/nPyQQZXQW/Qt85zQEoQ03i7B9aEWkDbmRDUlZDJHfwxxfjzdlIlY0ZaNkM7MAPmNS45qeLtI2nSmm69Iv+P4f5z8kEGV0Fv0LfOc0BKENN4uwfWhFpA25kQ1JWQyR38McX483ZSJWNGWjZDOzAD5jUuOag==', '2026-02-25 16:26:00'),
(24, 9, 'aceitante', 'hgxq0ba5Jb60Xp1B3sNy6QoB1SQ3cNOTNleZ8qMMBk3WhVV7DfsUAeHDMBmXcdq7BFXomi3qWMi11X4Jm79QU4YMatG2uSW+tF6dQd7DcukKAdUkN3DTkzZXmfKjDAZN1oVVew37FAHhwzAZl3HauwRV6Jot6ljItdV+CZu/UFOGDGrRtrklvrRenUHew3LpCgHVJDdw05M2V5nyowwGTdaFVXsN+xQB4cMwGZdx2rsEVeiaLepYyLXVfgmbv1BThgxq0ba5Jb60Xp1B3sNy6QoB1SQ3cNOTNleZ8qMMBk3WhVV7DfsUAeHDMBmXcdq7BFXomi3qWMi11X4Jm79QUw==', '2026-02-25 17:19:00'),
(25, 16, 'proponente', 'fg9+2s6wyIxBLJZPfUJwP5zMe+23z/qyeEjxFeBKvwZf0GLGZ7Kzr8XY+Ur3BjfHieiU4a4mqnrmhlgv0BpQfX4PftrOsMiMQSyWT31CcD+czHvtt8/6snhI8RXgSr8GX9Bixmeys6/F2PlK9wY3x4nolOGuJqp65oZYL9AaUH1+D37azrDIjEEslk99QnA/nMx77bfP+rJ4SPEV4Eq/Bl/QYsZnsrOvxdj5SvcGN8eJ6JThriaqeuaGWC/QGlB9fg9+2s6wyIxBLJZPfUJwP5zMe+23z/qyeEjxFeBKvwZf0GLGZ7Kzr8XY+Ur3BjfHieiU4a4mqnrmhlgv0BpQfQ==', '2026-02-27 17:37:00'),
(25, 17, 'aceitante', 'fIEunkp+NmQeKgfrDAx78q0hnOA54y2zPobvcmIkK96IbooN3Z/PWVz5LTxPrqdGvmGqge6qTqR+euC41hpfMHyBLp5KfjZkHioH6wwMe/KtIZzgOeMtsz6G73JiJCveiG6KDd2fz1lc+S08T66nRr5hqoHuqk6kfnrguNYaXzB8gS6eSn42ZB4qB+sMDHvyrSGc4DnjLbM+hu9yYiQr3ohuig3dn89ZXPktPE+up0a+YaqB7qpOpH564LjWGl8wfIEunkp+NmQeKgfrDAx78q0hnOA54y2zPobvcmIkK96IbooN3Z/PWVz5LTxPrqdGvmGqge6qTqR+euC41hpfMA==', '2026-02-27 18:30:00'),
(26, 19, 'proponente', 'fiyn6ahl89a7ET0OM97qb2/ep5J1IVbIfnK8ji+Nn3XW60y45JNpisYi9D3V/dML0jlAzw/gpTKWk54dh1YlpX4sp+moZfPWuxE9DjPe6m9v3qeSdSFWyH5yvI4vjZ911utMuOSTaYrGIvQ91f3TC9I5QM8P4KUylpOeHYdWJaV+LKfpqGXz1rsRPQ4z3upvb96nknUhVsh+cryOL42fddbrTLjkk2mKxiL0PdX90wvSOUDPD+ClMpaTnh2HViWlfiyn6ahl89a7ET0OM97qb2/ep5J1IVbIfnK8ji+Nn3XW60y45JNpisYi9D3V/dML0jlAzw/gpTKWk54dh1YlpQ==', '2026-03-01 18:48:00'),
(26, 3, 'aceitante', NULL, NULL),
(27, 2, 'proponente', 'wrnk+erBWBETfPwO27hWDKPXVbhz9yr9skHjb/sUBalPTNt0rFG13LRCmxOKH+3VuxH5gGi1zHh2pEAhPCdfucK55PnqwVgRE3z8Dtu4Vgyj11W4c/cq/bJB42/7FAWpT0zbdKxRtdy0QpsTih/t1bsR+YBotcx4dqRAITwnX7nCueT56sFYERN8/A7buFYMo9dVuHP3Kv2yQeNv+xQFqU9M23SsUbXctEKbE4of7dW7EfmAaLXMeHakQCE8J1+5wrnk+erBWBETfPwO27hWDKPXVbhz9yr9skHjb/sUBalPTNt0rFG13LRCmxOKH+3VuxH5gGi1zHh2pEAhPCdfuQ==', '2026-03-03 10:59:00'),
(27, 10, 'aceitante', 'JMqSJIfU/Qwse1l3GDhUvol5lvM8uDP4qZ8OiPu4G1U/y/bT+TXhhhKvgS1ldWixNCMbtmAyfw4K7Exco0rNryTKkiSH1P0MLHtZdxg4VL6JeZbzPLgz+KmfDoj7uBtVP8v20/k14YYSr4EtZXVosTQjG7ZgMn8OCuxMXKNKza8kypIkh9T9DCx7WXcYOFS+iXmW8zy4M/ipnw6I+7gbVT/L9tP5NeGGEq+BLWV1aLE0Ixu2YDJ/DgrsTFyjSs2vJMqSJIfU/Qwse1l3GDhUvol5lvM8uDP4qZ8OiPu4G1U/y/bT+TXhhhKvgS1ldWixNCMbtmAyfw4K7Exco0rNrw==', '2026-03-03 11:52:00'),
(28, 5, 'proponente', 'wce8TQu9z3RKV6qItPhazxXqBHRta0zvl+hu/D/PsergjhuZrTDEeSo/YPlrI4poL+xptyZv3V6DCJVkoL4rfcHHvE0Lvc90SleqiLT4Ws8V6gR0bWtM75fobvw/z7Hq4I4bma0wxHkqP2D5ayOKaC/sabcmb91egwiVZKC+K33Bx7xNC73PdEpXqoi0+FrPFeoEdG1rTO+X6G78P8+x6uCOG5mtMMR5Kj9g+Wsjimgv7Gm3Jm/dXoMIlWSgvit9wce8TQu9z3RKV6qItPhazxXqBHRta0zvl+hu/D/PsergjhuZrTDEeSo/YPlrI4poL+xptyZv3V6DCJVkoL4rfQ==', '2026-03-05 11:20:00'),
(28, 17, 'aceitante', 'Kxo/7qX4WkINq8kJCQ14GsnOD/cl+WxN9XZcPLJ+ANf8AzzpAgz05o9EbwuIrcKRTssZQSx2gTZqBlMPeDnndSsaP+6l+FpCDavJCQkNeBrJzg/3JflsTfV2XDyyfgDX/AM86QIM9OaPRG8LiK3CkU7LGUEsdoE2agZTD3g553UrGj/upfhaQg2ryQkJDXgayc4P9yX5bE31dlw8sn4A1/wDPOkCDPTmj0RvC4itwpFOyxlBLHaBNmoGUw94Oed1Kxo/7qX4WkINq8kJCQ14GsnOD/cl+WxN9XZcPLJ+ANf8AzzpAgz05o9EbwuIrcKRTssZQSx2gTZqBlMPeDnndQ==', '2026-03-05 12:13:00'),
(29, 8, 'proponente', 'dEQbutK1E6pSKrPg5w2VJ7uJVXZOwYGr0ItPYeJSic+qRzhX8+dB9wcb2hPjL2+/rfnfD/oJhddSGrN1bOPaWHREG7rStROqUiqz4OcNlSe7iVV2TsGBq9CLT2HiUonPqkc4V/PnQfcHG9oT4y9vv6353w/6CYXXUhqzdWzj2lh0RBu60rUTqlIqs+DnDZUnu4lVdk7BgavQi09h4lKJz6pHOFfz50H3BxvaE+Mvb7+t+d8P+gmF11Ias3Vs49pYdEQbutK1E6pSKrPg5w2VJ7uJVXZOwYGr0ItPYeJSic+qRzhX8+dB9wcb2hPjL2+/rfnfD/oJhddSGrN1bOPaWA==', '2026-03-07 12:31:00'),
(29, 4, 'aceitante', NULL, NULL),
(30, 11, 'proponente', 'Asyui/HHfp+vHm4v949uqQ7RMwgVfAw9/Z3W2RA9+gDyAe0oSi0Y3aoE0KI+yZx6Kv1nhXMeeXJu2fNGMXRzkgLMrovxx36frx5uL/ePbqkO0TMIFXwMPf2d1tkQPfoA8gHtKEotGN2qBNCiPsmceir9Z4VzHnlybtnzRjF0c5ICzK6L8cd+n68ebi/3j26pDtEzCBV8DD39ndbZED36APIB7ShKLRjdqgTQoj7JnHoq/WeFcx55cm7Z80YxdHOSAsyui/HHfp+vHm4v949uqQ7RMwgVfAw9/Z3W2RA9+gDyAe0oSi0Y3aoE0KI+yZx6Kv1nhXMeeXJu2fNGMXRzkg==', '2026-03-09 13:42:00'),
(30, 12, 'aceitante', 'CfK/EEKSB+JMxK4E7tSW0i0QiH/gSvGPdf4MNEhR9LeEZPazL7FIMIwT0A81pgOZxKjX3fc91cETGBMHDeReygnyvxBCkgfiTMSuBO7UltItEIh/4Erxj3X+DDRIUfS3hGT2sy+xSDCME9APNaYDmcSo1933PdXBExgTBw3kXsoJ8r8QQpIH4kzErgTu1JbSLRCIf+BK8Y91/gw0SFH0t4Rk9rMvsUgwjBPQDzWmA5nEqNfd9z3VwRMYEwcN5F7KCfK/EEKSB+JMxK4E7tSW0i0QiH/gSvGPdf4MNEhR9LeEZPazL7FIMIwT0A81pgOZxKjX3fc91cETGBMHDeReyg==', '2026-03-09 14:35:00'),
(31, 14, 'proponente', 'cE5OtaJN8AfRZtXn8oc6Gsg6mwlB4aZWkAtkd8pa8G+wQpvoT82QTX2rXphGvx2uToOp/HNaw3DAJDpteFTVuXBOTrWiTfAH0WbV5/KHOhrIOpsJQeGmVpALZHfKWvBvsEKb6E/NkE19q16YRr8drk6DqfxzWsNwwCQ6bXhU1blwTk61ok3wB9Fm1efyhzoayDqbCUHhplaQC2R3ylrwb7BCm+hPzZBNfatemEa/Ha5Og6n8c1rDcMAkOm14VNW5cE5OtaJN8AfRZtXn8oc6Gsg6mwlB4aZWkAtkd8pa8G+wQpvoT82QTX2rXphGvx2uToOp/HNaw3DAJDpteFTVuQ==', '2026-03-11 14:53:00'),
(31, 18, 'aceitante', NULL, NULL),
(32, 17, 'proponente', 'uphp9J35Xmx45duWIddat/X30IpplO7vB4gpbt5FX2meOKXfpJfLaME3a8C2Jr2sq3UtDMpzOvLNaND3XT6CuLqYafSd+V5seOXbliHXWrf199CKaZTu7weIKW7eRV9pnjil36SXy2jBN2vAtia9rKt1LQzKczryzWjQ910+gri6mGn0nflebHjl25Yh11q39ffQimmU7u8HiClu3kVfaZ44pd+kl8towTdrwLYmvayrdS0MynM68s1o0PddPoK4uphp9J35Xmx45duWIddat/X30IpplO7vB4gpbt5FX2meOKXfpJfLaME3a8C2Jr2sq3UtDMpzOvLNaND3XT6CuA==', '2026-03-13 15:14:00'),
(32, 5, 'aceitante', 'NXqSoDgm6n7gTa2T/siQT3n7ShIODdV252PeF3joGD4H7gU9vj6xPwpFrdklib9Uf/rJkz1WN0O75V+/3OpcejV6kqA4Jup+4E2tk/7IkE95+0oSDg3Vdudj3hd46Bg+B+4FPb4+sT8KRa3ZJYm/VH/6yZM9VjdDu+Vfv9zqXHo1epKgOCbqfuBNrZP+yJBPeftKEg4N1XbnY94XeOgYPgfuBT2+PrE/CkWt2SWJv1R/+smTPVY3Q7vlX7/c6lx6NXqSoDgm6n7gTa2T/siQT3n7ShIODdV252PeF3joGD4H7gU9vj6xPwpFrdklib9Uf/rJkz1WN0O75V+/3Opceg==', '2026-03-13 16:07:00'),
(33, 20, 'proponente', 'itTDAJXEkpssBrupTvLt1VomepSG/n4gZMmLw9cL8swg0zuH5Bk4VT2NEAuAalAJogbcYu7tLbdgrwS9Uj0mXIrUwwCVxJKbLAa7qU7y7dVaJnqUhv5+IGTJi8PXC/LMINM7h+QZOFU9jRALgGpQCaIG3GLu7S23YK8EvVI9JlyK1MMAlcSSmywGu6lO8u3VWiZ6lIb+fiBkyYvD1wvyzCDTO4fkGThVPY0QC4BqUAmiBtxi7u0tt2CvBL1SPSZcitTDAJXEkpssBrupTvLt1VomepSG/n4gZMmLw9cL8swg0zuH5Bk4VT2NEAuAalAJogbcYu7tLbdgrwS9Uj0mXA==', '2026-03-15 16:25:00'),
(33, 12, 'aceitante', '1pbXqkshaihMLOf9PkuoN1f2Stf+dVACpfiK2u6WAvAMHu/W+H/JOPkQ1UoolltMTYzP6uxXeXAoxd3mgxKWbdaW16pLIWooTCzn/T5LqDdX9krX/nVQAqX4itrulgLwDB7v1vh/yTj5ENVKKJZbTE2Mz+rsV3lwKMXd5oMSlm3WlteqSyFqKEws5/0+S6g3V/ZK1/51UAKl+Ira7pYC8Awe79b4f8k4+RDVSiiWW0xNjM/q7Fd5cCjF3eaDEpZt1pbXqkshaihMLOf9PkuoN1f2Stf+dVACpfiK2u6WAvAMHu/W+H/JOPkQ1UoolltMTYzP6uxXeXAoxd3mgxKWbQ==', '2026-03-15 17:18:00'),
(34, 3, 'proponente', 'LljIXHyvXw3ew61B7J0rFAnnFcN5FzpSaSmXO7wzawvh1a0cuVpufZiAm/l/A2LUhfBEqoC8yx5xgCZz+LdtRC5YyFx8r18N3sOtQeydKxQJ5xXDeRc6Umkplzu8M2sL4dWtHLlabn2YgJv5fwNi1IXwRKqAvMsecYAmc/i3bUQuWMhcfK9fDd7DrUHsnSsUCecVw3kXOlJpKZc7vDNrC+HVrRy5Wm59mICb+X8DYtSF8ESqgLzLHnGAJnP4t21ELljIXHyvXw3ew61B7J0rFAnnFcN5FzpSaSmXO7wzawvh1a0cuVpufZiAm/l/A2LUhfBEqoC8yx5xgCZz+LdtRA==', '2026-03-17 17:36:00'),
(34, 19, 'aceitante', NULL, NULL),
(35, 6, 'proponente', '8/7F4/jBgx+bbSyVdz1VK2VR4oiGii5IEGDQ2nzOqP1mBCwXluRnicZuq7naduJJ6NNoiWnGnxswCWhtMe98HPP+xeP4wYMfm20slXc9VStlUeKIhoouSBBg0Np8zqj9ZgQsF5bkZ4nGbqu52nbiSejTaIlpxp8bMAlobTHvfBzz/sXj+MGDH5ttLJV3PVUrZVHiiIaKLkgQYNDafM6o/WYELBeW5GeJxm6rudp24kno02iJacafGzAJaG0x73wc8/7F4/jBgx+bbSyVdz1VK2VR4oiGii5IEGDQ2nzOqP1mBCwXluRnicZuq7naduJJ6NNoiWnGnxswCWhtMe98HA==', '2026-03-19 18:47:00'),
(35, 7, 'aceitante', 'gnQoE8ew83fbXhn7ZP9+QTslZrXtZdTOYo3ql2A7TMhlPvUXDKWG+qolN7UPPHYgvddMMZy/nMV7b/6UkesUQ4J0KBPHsPN3214Z+2T/fkE7JWa17WXUzmKN6pdgO0zIZT71FwylhvqqJTe1Dzx2IL3XTDGcv5zFe2/+lJHrFEOCdCgTx7Dzd9teGftk/35BOyVmte1l1M5ijeqXYDtMyGU+9RcMpYb6qiU3tQ88diC910wxnL+cxXtv/pSR6xRDgnQoE8ew83fbXhn7ZP9+QTslZrXtZdTOYo3ql2A7TMhlPvUXDKWG+qolN7UPPHYgvddMMZy/nMV7b/6UkesUQw==', '2026-03-19 19:40:00'),
(36, 9, 'proponente', 'RMhAJj3cbszJo5m0C5C41hyUjxc1UrP4voVWL0Q/3eqDSC94M7DiP12XkllFIwSG7wG7n7ZJJtyGHPSKikz69UTIQCY93G7MyaOZtAuQuNYclI8XNVKz+L6FVi9EP93qg0gveDOw4j9dl5JZRSMEhu8Bu5+2SSbchhz0iopM+vVEyEAmPdxuzMmjmbQLkLjWHJSPFzVSs/i+hVYvRD/d6oNIL3gzsOI/XZeSWUUjBIbvAbuftkkm3IYc9IqKTPr1RMhAJj3cbszJo5m0C5C41hyUjxc1UrP4voVWL0Q/3eqDSC94M7DiP12XkllFIwSG7wG7n7ZJJtyGHPSKikz69Q==', '2026-03-21 10:58:00'),
(36, 13, 'aceitante', 'QIshPrUID1L8VlVEcfatC4HtqtfH/XTPjIfrmzVc4oWF0FxVgwRXD2DyE7b/iPHHD200itKB+edMh54yddXUQkCLIT61CA9S/FZVRHH2rQuB7arXx/10z4yH65s1XOKFhdBcVYMEVw9g8hO2/4jxxw9tNIrSgfnnTIeeMnXV1EJAiyE+tQgPUvxWVURx9q0Lge2q18f9dM+Mh+ubNVzihYXQXFWDBFcPYPITtv+I8ccPbTSK0oH550yHnjJ11dRCQIshPrUID1L8VlVEcfatC4HtqtfH/XTPjIfrmzVc4oWF0FxVgwRXD2DyE7b/iPHHD200itKB+edMh54yddXUQg==', '2026-03-21 11:51:00'),
(37, 12, 'proponente', 'EAgX5go2OA4yChS6qZx1psQna9LuiobiwDaNltbvffDiRLuNq0Ugkz8bv1QQcunc+TpwvcaiMRgWeQYEl6uNZhAIF+YKNjgOMgoUuqmcdabEJ2vS7oqG4sA2jZbW733w4kS7jatFIJM/G79UEHLp3Pk6cL3GojEYFnkGBJerjWYQCBfmCjY4DjIKFLqpnHWmxCdr0u6KhuLANo2W1u998OJEu42rRSCTPxu/VBBy6dz5OnC9xqIxGBZ5BgSXq41mEAgX5go2OA4yChS6qZx1psQna9LuiobiwDaNltbvffDiRLuNq0Ugkz8bv1QQcunc+TpwvcaiMRgWeQYEl6uNZg==', '2026-03-23 11:19:00'),
(37, 20, 'aceitante', NULL, NULL),
(38, 15, 'proponente', 'MwV2Kh0Ea32YU3EuuXM/+qVt+TsKsAQvtha2kv6DC/GgiBzvHjXYmdp/DCM1xDaZLdmynQir10JJnw8CNUc2ezMFdiodBGt9mFNxLrlzP/qlbfk7CrAEL7YWtpL+gwvxoIgc7x412JnafwwjNcQ2mS3Zsp0Iq9dCSZ8PAjVHNnszBXYqHQRrfZhTcS65cz/6pW35OwqwBC+2FraS/oML8aCIHO8eNdiZ2n8MIzXENpkt2bKdCKvXQkmfDwI1RzZ7MwV2Kh0Ea32YU3EuuXM/+qVt+TsKsAQvtha2kv6DC/GgiBzvHjXYmdp/DCM1xDaZLdmynQir10JJnw8CNUc2ew==', '2026-03-25 12:30:00'),
(38, 7, 'aceitante', '//Y7OLS3rr/HP9vNjfuFQFGi9yySwhxdwY3A3+qu5kiJRQPzNZXsW4MEOmXOGpKOi5S5OLL0Vk+o9k3utNN6Tv/2Ozi0t66/xz/bzY37hUBRovcsksIcXcGNwN/qruZIiUUD8zWV7FuDBDplzhqSjouUuTiy9FZPqPZN7rTTek7/9js4tLeuv8c/282N+4VAUaL3LJLCHF3BjcDf6q7mSIlFA/M1lexbgwQ6Zc4ako6LlLk4svRWT6j2Te6003pO//Y7OLS3rr/HP9vNjfuFQFGi9yySwhxdwY3A3+qu5kiJRQPzNZXsW4MEOmXOGpKOi5S5OLL0Vk+o9k3utNN6Tg==', '2026-03-25 13:23:00'),
(39, 18, 'proponente', 'k0hCCf+0v+5iGirQL8dm/Xg206C5Rpv3T6vHXk2jm7u1gKSB83Hy4fZVSEjFHe5kgaeesn4GzW/jXXYWMU4I8pNIQgn/tL/uYhoq0C/HZv14NtOguUab90+rx15No5u7tYCkgfNx8uH2VUhIxR3uZIGnnrJ+Bs1v4112FjFOCPKTSEIJ/7S/7mIaKtAvx2b9eDbToLlGm/dPq8deTaObu7WApIHzcfLh9lVISMUd7mSBp56yfgbNb+NddhYxTgjyk0hCCf+0v+5iGirQL8dm/Xg206C5Rpv3T6vHXk2jm7u1gKSB83Hy4fZVSEjFHe5kgaeesn4GzW/jXXYWMU4I8g==', '2026-03-27 13:41:00'),
(39, 14, 'aceitante', NULL, NULL),
(40, 1, 'proponente', 't+0NijAn/y2sVKPCDsAgELC1EQWunT3qVEA5UUch+qlyD+SI4BZ+xLTOygzk8ONw+UfaE2D1f20jC4ktaUFj17ftDYowJ/8trFSjwg7AIBCwtREFrp096lRAOVFHIfqpcg/kiOAWfsS0zsoM5PDjcPlH2hNg9X9tIwuJLWlBY9e37Q2KMCf/LaxUo8IOwCAQsLURBa6dPepUQDlRRyH6qXIP5IjgFn7EtM7KDOTw43D5R9oTYPV/bSMLiS1pQWPXt+0NijAn/y2sVKPCDsAgELC1EQWunT3qVEA5UUch+qlyD+SI4BZ+xLTOygzk8ONw+UfaE2D1f20jC4ktaUFj1w==', '2026-03-29 14:52:00'),
(40, 2, 'aceitante', '7sPa3GHtcXQ/jK4KGoBz2TKOzikaV8Qg9IM7naVJKFmmoDvrFWwLSK65zAH+EJLfBwUpoERJR7Ec9RM7f2QOAe7D2txh7XF0P4yuChqAc9kyjs4pGlfEIPSDO52lSShZpqA76xVsC0iuucwB/hCS3wcFKaBESUexHPUTO39kDgHuw9rcYe1xdD+MrgoagHPZMo7OKRpXxCD0gzudpUkoWaagO+sVbAtIrrnMAf4Qkt8HBSmgRElHsRz1Ezt/ZA4B7sPa3GHtcXQ/jK4KGoBz2TKOzikaV8Qg9IM7naVJKFmmoDvrFWwLSK65zAH+EJLfBwUpoERJR7Ec9RM7f2QOAQ==', '2026-03-29 15:45:00'),
(41, 4, 'proponente', 'SPmIRbDPwJiSSLerJ30oMEHpfLNYYYuPNyCV1QviOr5vI18r8vopnSDiVYZY0iTX+W8PXoUhL26F8oICrpsxzkj5iEWwz8CYkki3qyd9KDBB6XyzWGGLjzcgldUL4jq+byNfK/L6KZ0g4lWGWNIk1/lvD16FIS9uhfKCAq6bMc5I+YhFsM/AmJJIt6snfSgwQel8s1hhi483IJXVC+I6vm8jXyvy+imdIOJVhljSJNf5bw9ehSEvboXyggKumzHOSPmIRbDPwJiSSLerJ30oMEHpfLNYYYuPNyCV1QviOr5vI18r8vopnSDiVYZY0iTX+W8PXoUhL26F8oICrpsxzg==', '2026-03-31 15:13:00'),
(41, 8, 'aceitante', 'TMNVGvk0gLuH8ElnZsVuEy3jUauzMiUiqzAsDq4/RWh+4Jk4BQws4rXyy1Y/inCKaUj3r4eGD1domIUCnVlQHEzDVRr5NIC7h/BJZ2bFbhMt41GrszIlIqswLA6uP0VofuCZOAUMLOK18stWP4pwimlI96+Hhg9XaJiFAp1ZUBxMw1Ua+TSAu4fwSWdmxW4TLeNRq7MyJSKrMCwOrj9FaH7gmTgFDCzitfLLVj+KcIppSPevh4YPV2iYhQKdWVAcTMNVGvk0gLuH8ElnZsVuEy3jUauzMiUiqzAsDq4/RWh+4Jk4BQws4rXyy1Y/inCKaUj3r4eGD1domIUCnVlQHA==', '2026-03-31 16:06:00'),
(42, 7, 'proponente', 'pxkf84UnHtSEnEwtdArZGK7iNWYbJx5Q4NgEkcffjOPEYPaCY8GzPH3fLJN4+7WloueXGuZpX/3xP9IRvG/9macZH/OFJx7UhJxMLXQK2Riu4jVmGyceUODYBJHH34zjxGD2gmPBszx93yyTePu1paLnlxrmaV/98T/SEbxv/ZmnGR/zhSce1IScTC10CtkYruI1ZhsnHlDg2ASRx9+M48Rg9oJjwbM8fd8sk3j7taWi55ca5mlf/fE/0hG8b/2Zpxkf84UnHtSEnEwtdArZGK7iNWYbJx5Q4NgEkcffjOPEYPaCY8GzPH3fLJN4+7WloueXGuZpX/3xP9IRvG/9mQ==', '2026-04-02 16:24:00'),
(42, 15, 'aceitante', NULL, NULL),
(43, 10, 'proponente', 'tehQJGnTjHBdE+B7HP2DS3odtqW6vi2WJGjoAKsTIy5GVvgs7wS4ABU4wYkOIr8jDLurFy6lq5AgRqo9oaAccrXoUCRp04xwXRPgexz9g0t6Hbalur4tliRo6ACrEyMuRlb4LO8EuAAVOMGJDiK/Iwy7qxcupauQIEaqPaGgHHK16FAkadOMcF0T4Hsc/YNLeh22pbq+LZYkaOgAqxMjLkZW+CzvBLgAFTjBiQ4ivyMMu6sXLqWrkCBGqj2hoBxytehQJGnTjHBdE+B7HP2DS3odtqW6vi2WJGjoAKsTIy5GVvgs7wS4ABU4wYkOIr8jDLurFy6lq5AgRqo9oaAccg==', '2026-04-04 17:35:00'),
(43, 2, 'aceitante', '0jNQY+t8sUjiOWR/PEKIsAK1l8+/HTbwOvoBbpGx2aofLqcd2r+EyFDxQmj1yODSh4lqP5kobZlaAowQT1CwfdIzUGPrfLFI4jlkfzxCiLACtZfPvx028Dr6AW6RsdmqHy6nHdq/hMhQ8UJo9cjg0oeJaj+ZKG2ZWgKMEE9QsH3SM1Bj63yxSOI5ZH88QoiwArWXz78dNvA6+gFukbHZqh8upx3av4TIUPFCaPXI4NKHiWo/mShtmVoCjBBPULB90jNQY+t8sUjiOWR/PEKIsAK1l8+/HTbwOvoBbpGx2aofLqcd2r+EyFDxQmj1yODSh4lqP5kobZlaAowQT1CwfQ==', '2026-04-04 18:28:00'),
(44, 13, 'proponente', 'yTXLjTjvd5Uw29lvoH34EJ+HcwUQ8zzdKPMHMWZC9DfKXdCEDv3QVT8YRMapCdCCHMshCciK25ST7F79a5FCEsk1y40473eVMNvZb6B9+BCfh3MFEPM83SjzBzFmQvQ3yl3QhA790FU/GETGqQnQghzLIQnIituUk+xe/WuRQhLJNcuNOO93lTDb2W+gffgQn4dzBRDzPN0o8wcxZkL0N8pd0IQO/dBVPxhExqkJ0IIcyyEJyIrblJPsXv1rkUISyTXLjTjvd5Uw29lvoH34EJ+HcwUQ8zzdKPMHMWZC9DfKXdCEDv3QVT8YRMapCdCCHMshCciK25ST7F79a5FCEg==', '2026-04-06 18:46:00'),
(44, 9, 'aceitante', '1+dBiApN/i4dRVvNKjbIgoiAHFyYlPUOjPXsMiyQBA7qCx8fN0CAmFZ8/6CK9c2xvwyDJWe9bQ8iXX7X+ogQHtfnQYgKTf4uHUVbzSo2yIKIgBxcmJT1Doz17DIskAQO6gsfHzdAgJhWfP+givXNsb8MgyVnvW0PIl1+1/qIEB7X50GICk3+Lh1FW80qNsiCiIAcXJiU9Q6M9ewyLJAEDuoLHx83QICYVnz/oIr1zbG/DIMlZ71tDyJdftf6iBAe1+dBiApN/i4dRVvNKjbIgoiAHFyYlPUOjPXsMiyQBA7qCx8fN0CAmFZ8/6CK9c2xvwyDJWe9bQ8iXX7X+ogQHg==', '2026-04-06 19:39:00'),
(45, 16, 'proponente', 'mqaXBVQn9Mxpctk6cOce0mKPwfmZaBsEVZFrTBDsbPkHsAqbKw3kVvwOlnMypsOV6xYbe386iykvhODB3tfiSZqmlwVUJ/TMaXLZOnDnHtJij8H5mWgbBFWRa0wQ7Gz5B7AKmysN5Fb8DpZzMqbDlesWG3t/OospL4Tgwd7X4kmappcFVCf0zGly2Tpw5x7SYo/B+ZloGwRVkWtMEOxs+QewCpsrDeRW/A6WczKmw5XrFht7fzqLKS+E4MHe1+JJmqaXBVQn9Mxpctk6cOce0mKPwfmZaBsEVZFrTBDsbPkHsAqbKw3kVvwOlnMypsOV6xYbe386iykvhODB3tfiSQ==', '2026-04-08 10:57:00'),
(45, 17, 'aceitante', NULL, NULL),
(46, 19, 'proponente', 'GjSeUGt/l0EYDFYLeNKb1AC+fk1XE8fyvSRRtEdGKnIkTIG13VkMZ0Wcvp83Q27/ya2nY4lG8ErhPYDgliiSUho0nlBrf5dBGAxWC3jSm9QAvn5NVxPH8r0kUbRHRipyJEyBtd1ZDGdFnL6fN0Nu/8mtp2OJRvBK4T2A4JYoklIaNJ5Qa3+XQRgMVgt40pvUAL5+TVcTx/K9JFG0R0YqciRMgbXdWQxnRZy+nzdDbv/JradjiUbwSuE9gOCWKJJSGjSeUGt/l0EYDFYLeNKb1AC+fk1XE8fyvSRRtEdGKnIkTIG13VkMZ0Wcvp83Q27/ya2nY4lG8ErhPYDgliiSUg==', '2026-04-10 11:18:00'),
(46, 3, 'aceitante', 'FWTNf4qgw6GeIbQYDgu9vPOpIrqb1CVE3ZF5TCQalralFpABC89Wd1fi26VgSGgaIEUfluifC4Wt7Cg1hSvc6xVkzX+KoMOhniG0GA4LvbzzqSK6m9QlRN2ReUwkGpa2pRaQAQvPVndX4tulYEhoGiBFH5bonwuFrewoNYUr3OsVZM1/iqDDoZ4htBgOC72886kiupvUJUTdkXlMJBqWtqUWkAELz1Z3V+LbpWBIaBogRR+W6J8Lha3sKDWFK9zrFWTNf4qgw6GeIbQYDgu9vPOpIrqb1CVE3ZF5TCQalralFpABC89Wd1fi26VgSGgaIEUfluifC4Wt7Cg1hSvc6w==', '2026-04-10 12:11:00'),
(47, 2, 'proponente', 'mv6q5jlokBvGx6yC4qKrb3P11W2b+0KJ/1KVJmT5FuRCNl4nlzl3p9OUOF0bh+n/4S3Sr1mLFFRQmMTWCGQKdJr+quY5aJAbxsesguKiq29z9dVtm/tCif9SlSZk+RbkQjZeJ5c5d6fTlDhdG4fp/+Et0q9ZixRUUJjE1ghkCnSa/qrmOWiQG8bHrILioqtvc/XVbZv7Qon/UpUmZPkW5EI2XieXOXen05Q4XRuH6f/hLdKvWYsUVFCYxNYIZAp0mv6q5jlokBvGx6yC4qKrb3P11W2b+0KJ/1KVJmT5FuRCNl4nlzl3p9OUOF0bh+n/4S3Sr1mLFFRQmMTWCGQKdA==', '2026-04-12 12:29:00'),
(47, 10, 'aceitante', NULL, NULL),
(48, 5, 'proponente', 'wdNdQZIB4CJboY17lpJU0HEPR2Tk+rtwtoaPG9Xt+4eaqf4IdZnMb03DEJTSzH+oLmAn7+iocuEHVLxMv5+stsHTXUGSAeAiW6GNe5aSVNBxD0dk5Pq7cLaGjxvV7fuHmqn+CHWZzG9NwxCU0sx/qC5gJ+/oqHLhB1S8TL+frLbB011BkgHgIluhjXuWklTQcQ9HZOT6u3C2ho8b1e37h5qp/gh1mcxvTcMQlNLMf6guYCfv6Khy4QdUvEy/n6y2wdNdQZIB4CJboY17lpJU0HEPR2Tk+rtwtoaPG9Xt+4eaqf4IdZnMb03DEJTSzH+oLmAn7+iocuEHVLxMv5+stg==', '2026-04-14 13:40:00'),
(48, 17, 'aceitante', 'obTkR9xyK6QmZCOW/ZY//3Ae/A7XYJJI0H6znPM0NuzbeKw7Uyhru9ltfavbJBAG+G/PepJPhbM+tHs8CMLKa6G05EfcciukJmQjlv2WP/9wHvwO12CSSNB+s5zzNDbs23isO1Moa7vZbX2r2yQQBvhvz3qST4WzPrR7PAjCymuhtORH3HIrpCZkI5b9lj//cB78DtdgkkjQfrOc8zQ27Nt4rDtTKGu72W19q9skEAb4b896kk+Fsz60ezwIwsprobTkR9xyK6QmZCOW/ZY//3Ae/A7XYJJI0H6znPM0NuzbeKw7Uyhru9ltfavbJBAG+G/PepJPhbM+tHs8CMLKaw==', '2026-04-14 14:33:00'),
(49, 8, 'proponente', 'QqbKcFIunyZYSg3Y5Ju4OaurdqO+ag3k1nYHI1Te7eFMKftpzEE4xsl3Nhu5myolLaeQBgeVVQ6K5KShF/ITnUKmynBSLp8mWEoN2OSbuDmrq3ajvmoN5NZ2ByNU3u3hTCn7acxBOMbJdzYbuZsqJS2nkAYHlVUOiuSkoRfyE51CpspwUi6fJlhKDdjkm7g5q6t2o75qDeTWdgcjVN7t4Uwp+2nMQTjGyXc2G7mbKiUtp5AGB5VVDorkpKEX8hOdQqbKcFIunyZYSg3Y5Ju4OaurdqO+ag3k1nYHI1Te7eFMKftpzEE4xsl3Nhu5myolLaeQBgeVVQ6K5KShF/ITnQ==', '2026-04-16 14:51:00'),
(49, 4, 'aceitante', 'NKam2Nk3N2UlyguwFLnZ+XyJg8OuIjjVr3s6z07BB2V8V0Do5Tv2lGuJ1Xh7/2JMIClqQNFyjiUNjCDn8gqnezSmptjZNzdlJcoLsBS52fl8iYPDriI41a97Os9OwQdlfFdA6OU79pRridV4e/9iTCApakDRco4lDYwg5/IKp3s0pqbY2Tc3ZSXKC7AUudn5fImDw64iONWvezrPTsEHZXxXQOjlO/aUa4nVeHv/YkwgKWpA0XKOJQ2MIOfyCqd7NKam2Nk3N2UlyguwFLnZ+XyJg8OuIjjVr3s6z07BB2V8V0Do5Tv2lGuJ1Xh7/2JMIClqQNFyjiUNjCDn8gqnew==', '2026-04-16 15:44:00'),
(50, 11, 'proponente', '/EuxUrGgJnfE82q6ffKRQ+GYKO37Xh+ai9VZkpORgJhPGB+vS/V/GBbxmM2FR70pb49VMjaZ16O7OXTx1ZORv/xLsVKxoCZ3xPNqun3ykUPhmCjt+14fmovVWZKTkYCYTxgfr0v1fxgW8ZjNhUe9KW+PVTI2mdejuzl08dWTkb/8S7FSsaAmd8Tzarp98pFD4Zgo7fteH5qL1VmSk5GAmE8YH69L9X8YFvGYzYVHvSlvj1UyNpnXo7s5dPHVk5G//EuxUrGgJnfE82q6ffKRQ+GYKO37Xh+ai9VZkpORgJhPGB+vS/V/GBbxmM2FR70pb49VMjaZ16O7OXTx1ZORvw==', '2026-04-18 15:12:00'),
(50, 12, 'aceitante', NULL, NULL),
(51, 14, 'proponente', '5hCVxMocTuoypG+5vF0fajJBg4y8Ok/bcDdMUlWHy4cYBnverl8RWgePiIB1gSUvNon7Wh4pBa7CjCWg9/y3+uYQlcTKHE7qMqRvubxdH2oyQYOMvDpP23A3TFJVh8uHGAZ73q5fEVoHj4iAdYElLzaJ+1oeKQWuwowloPf8t/rmEJXEyhxO6jKkb7m8XR9qMkGDjLw6T9twN0xSVYfLhxgGe96uXxFaB4+IgHWBJS82iftaHikFrsKMJaD3/Lf65hCVxMocTuoypG+5vF0fajJBg4y8Ok/bcDdMUlWHy4cYBnverl8RWgePiIB1gSUvNon7Wh4pBa7CjCWg9/y3+g==', '2026-04-20 16:23:00'),
(51, 18, 'aceitante', '+tdu14IxNVz1UlrrzkqY5meTYxrPSC3F7nu2Af+4Uq5DXOvrlPx2hjMSVmqXBdeeb1oO08pTOfp/TUTkb2aY2PrXbteCMTVc9VJa685KmOZnk2Maz0gtxe57tgH/uFKuQ1zr65T8doYzElZqlwXXnm9aDtPKUzn6f01E5G9mmNj6127XgjE1XPVSWuvOSpjmZ5NjGs9ILcXue7YB/7hSrkNc6+uU/HaGMxJWapcF155vWg7TylM5+n9NRORvZpjY+tdu14IxNVz1UlrrzkqY5meTYxrPSC3F7nu2Af+4Uq5DXOvrlPx2hjMSVmqXBdeeb1oO08pTOfp/TUTkb2aY2A==', '2026-04-20 17:16:00'),
(52, 17, 'proponente', 'XTkCkn6Io1zlxF+6uVa6MEyiS+rnIK0gvSTisZGgX6+IUGl30HRIcupOxfF757vaJunQH8g/pcBV80dGMcmf3105ApJ+iKNc5cRfurlWujBMokvq5yCtIL0k4rGRoF+viFBpd9B0SHLqTsXxe+e72ibp0B/IP6XAVfNHRjHJn99dOQKSfoijXOXEX7q5VrowTKJL6ucgrSC9JOKxkaBfr4hQaXfQdEhy6k7F8Xvnu9om6dAfyD+lwFXzR0YxyZ/fXTkCkn6Io1zlxF+6uVa6MEyiS+rnIK0gvSTisZGgX6+IUGl30HRIcupOxfF757vaJunQH8g/pcBV80dGMcmf3w==', '2026-04-22 17:34:00'),
(52, 5, 'aceitante', 'VdUd+U6NePRMWMWHQNfmFupdiBT9uX6j+XkAx3BoC6Eb7DYMPRjOpv/54qdv+Zo9rfvvjYEM7U/bWvq0SJ9C0FXVHflOjXj0TFjFh0DX5hbqXYgU/bl+o/l5AMdwaAuhG+w2DD0Yzqb/+eKnb/maPa37742BDO1P21r6tEifQtBV1R35To149ExYxYdA1+YW6l2IFP25fqP5eQDHcGgLoRvsNgw9GM6m//nip2/5mj2t+++NgQztT9ta+rRIn0LQVdUd+U6NePRMWMWHQNfmFupdiBT9uX6j+XkAx3BoC6Eb7DYMPRjOpv/54qdv+Zo9rfvvjYEM7U/bWvq0SJ9C0A==', '2026-04-22 18:27:00'),
(53, 20, 'proponente', 'QYbP5dDdTf29yU2+OFkjF5amF8n2Nx6wqEY2VHAGM4tSQinxfgdjPvTw+DztFPTwZVSSbHMeDIKhFlfr6mmrQEGGz+XQ3U39vclNvjhZIxeWphfJ9jcesKhGNlRwBjOLUkIp8X4HYz708Pg87RT08GVUkmxzHgyCoRZX6+ppq0BBhs/l0N1N/b3JTb44WSMXlqYXyfY3HrCoRjZUcAYzi1JCKfF+B2M+9PD4PO0U9PBlVJJscx4MgqEWV+vqaatAQYbP5dDdTf29yU2+OFkjF5amF8n2Nx6wqEY2VHAGM4tSQinxfgdjPvTw+DztFPTwZVSSbHMeDIKhFlfr6mmrQA==', '2026-04-24 18:45:00'),
(53, 12, 'aceitante', NULL, NULL),
(54, 3, 'proponente', 'CKPXv/BHE09rNmTn3GRfuNv9iufSHJA/ntQgHBxEpnoLK6eX4rZTMwDDxCK7uXu/4bdpEn2H7aFZWC4ZDrZxQAij17/wRxNPazZk59xkX7jb/Yrn0hyQP57UIBwcRKZ6Cyunl+K2UzMAw8Qiu7l7v+G3aRJ9h+2hWVguGQ62cUAIo9e/8EcTT2s2ZOfcZF+42/2K59IckD+e1CAcHESmegsrp5fitlMzAMPEIru5e7/ht2kSfYftoVlYLhkOtnFACKPXv/BHE09rNmTn3GRfuNv9iufSHJA/ntQgHBxEpnoLK6eX4rZTMwDDxCK7uXu/4bdpEn2H7aFZWC4ZDrZxQA==', '2026-04-26 10:56:00'),
(54, 19, 'aceitante', '6ni81PRnxjUlt1902mMDLM1ViSoOn6PtZGy/tLcCimatwVD7LYZFb5SvQTR0ABejQojASVYKYyNaLmnD6ou9vOp4vNT0Z8Y1JbdfdNpjAyzNVYkqDp+j7WRsv7S3AopmrcFQ+y2GRW+Ur0E0dAAXo0KIwElWCmMjWi5pw+qLvbzqeLzU9GfGNSW3X3TaYwMszVWJKg6fo+1kbL+0twKKZq3BUPsthkVvlK9BNHQAF6NCiMBJVgpjI1ouacPqi7286ni81PRnxjUlt1902mMDLM1ViSoOn6PtZGy/tLcCimatwVD7LYZFb5SvQTR0ABejQojASVYKYyNaLmnD6ou9vA==', '2026-04-26 11:49:00'),
(55, 6, 'proponente', '6KI4wnuqfGSwQysnjeIz9Cvz4TQ/ABgBtXAMHeZODbXoN2ZyJlkIqml17z9tnZtpytSKgBMKiNlLe5GiYAbf7OiiOMJ7qnxksEMrJ43iM/Qr8+E0PwAYAbVwDB3mTg216DdmciZZCKppde8/bZ2bacrUioATCojZS3uRomAG3+zoojjCe6p8ZLBDKyeN4jP0K/PhND8AGAG1cAwd5k4Nteg3ZnImWQiqaXXvP22dm2nK1IqAEwqI2Ut7kaJgBt/s6KI4wnuqfGSwQysnjeIz9Cvz4TQ/ABgBtXAMHeZODbXoN2ZyJlkIqml17z9tnZtpytSKgBMKiNlLe5GiYAbf7A==', '2026-04-28 11:17:00'),
(55, 7, 'aceitante', NULL, NULL),
(56, 9, 'proponente', 'arsyqNMVkKPjGCzIq2UullWZwrtd7xTX5JJB92OsyaMe5pS/WDELVpUuh8ytLma74idkUUXiiPYlo3+xAt0Ib2q7MqjTFZCj4xgsyKtlLpZVmcK7Xe8U1+SSQfdjrMmjHuaUv1gxC1aVLofMrS5mu+InZFFF4oj2JaN/sQLdCG9quzKo0xWQo+MYLMirZS6WVZnCu13vFNfkkkH3Y6zJox7mlL9YMQtWlS6HzK0uZrviJ2RRReKI9iWjf7EC3QhvarsyqNMVkKPjGCzIq2UullWZwrtd7xTX5JJB92OsyaMe5pS/WDELVpUuh8ytLma74idkUUXiiPYlo3+xAt0Ibw==', '2026-04-30 12:28:00'),
(56, 13, 'aceitante', 'xJ7JmfliazYXJHJWm5I5OLqBHzBHx0bwPB04giP72YjS2cfzsHWy5dD1hWgcSM4iku8qVsCwbUhqSTh4SYbMDsSeyZn5Yms2FyRyVpuSOTi6gR8wR8dG8DwdOIIj+9mI0tnH87B1suXQ9YVoHEjOIpLvKlbAsG1Iakk4eEmGzA7EnsmZ+WJrNhckclabkjk4uoEfMEfHRvA8HTiCI/vZiNLZx/OwdbLl0PWFaBxIziKS7ypWwLBtSGpJOHhJhswOxJ7JmfliazYXJHJWm5I5OLqBHzBHx0bwPB04giP72YjS2cfzsHWy5dD1hWgcSM4iku8qVsCwbUhqSTh4SYbMDg==', '2026-04-30 13:21:00'),
(57, 12, 'proponente', '08dOtcUizlmT/GAHci+wyEqnq56M3yYHJrT6U3N+zVIenfUdqbJ0xWsJFCMLJgmFXJRqMDOZLwFTWbrGmPSTw9PHTrXFIs5Zk/xgB3IvsMhKp6uejN8mBya0+lNzfs1SHp31HamydMVrCRQjCyYJhVyUajAzmS8BU1m6xpj0k8PTx061xSLOWZP8YAdyL7DISqernozfJgcmtPpTc37NUh6d9R2psnTFawkUIwsmCYVclGowM5kvAVNZusaY9JPD08dOtcUizlmT/GAHci+wyEqnq56M3yYHJrT6U3N+zVIenfUdqbJ0xWsJFCMLJgmFXJRqMDOZLwFTWbrGmPSTww==', '2026-05-02 13:39:00'),
(57, 20, 'aceitante', 'ajiDB6DwVxMpLgEzTFktMZ5MWjcdvc+sesZZPEhfp1we92xLX/2KFt0ZYVtdeiu2mAXJLGxL8s7SK+uCMlNaSWo4gweg8FcTKS4BM0xZLTGeTFo3Hb3PrHrGWTxIX6dcHvdsS1/9ihbdGWFbXXortpgFySxsS/LO0ivrgjJTWklqOIMHoPBXEykuATNMWS0xnkxaNx29z6x6xlk8SF+nXB73bEtf/YoW3RlhW116K7aYBcksbEvyztIr64IyU1pJajiDB6DwVxMpLgEzTFktMZ5MWjcdvc+sesZZPEhfp1we92xLX/2KFt0ZYVtdeiu2mAXJLGxL8s7SK+uCMlNaSQ==', '2026-05-02 14:32:00'),
(58, 15, 'proponente', '3dfl3xUOexX9QYVmtnYz2bxJIKXenxpboPwZ6lU+6x+uPC+k7o5QtxJ37JZbPep5le8amctsIdbLMdcpuPdZi93X5d8VDnsV/UGFZrZ2M9m8SSCl3p8aW6D8GepVPusfrjwvpO6OULcSd+yWWz3qeZXvGpnLbCHWyzHXKbj3WYvd1+XfFQ57Ff1BhWa2djPZvEkgpd6fGlug/BnqVT7rH648L6TujlC3Enfslls96nmV7xqZy2wh1ssx1ym491mL3dfl3xUOexX9QYVmtnYz2bxJIKXenxpboPwZ6lU+6x+uPC+k7o5QtxJ37JZbPep5le8amctsIdbLMdcpuPdZiw==', '2026-05-04 14:50:00'),
(58, 7, 'aceitante', NULL, NULL),
(59, 18, 'proponente', 'WYE7e/ltRs8TOokbNiD+pSQ/87kyBp2m9Yfg+I0tn2KflD6/lvpJ3h2NzYWckyxsmMJFiHvGjE+wUnxDVrSbL1mBO3v5bUbPEzqJGzYg/qUkP/O5MgadpvWH4PiNLZ9in5Q+v5b6Sd4djc2FnJMsbJjCRYh7xoxPsFJ8Q1a0my9ZgTt7+W1GzxM6iRs2IP6lJD/zuTIGnab1h+D4jS2fYp+UPr+W+kneHY3NhZyTLGyYwkWIe8aMT7BSfENWtJsvWYE7e/ltRs8TOokbNiD+pSQ/87kyBp2m9Yfg+I0tn2KflD6/lvpJ3h2NzYWckyxsmMJFiHvGjE+wUnxDVrSbLw==', '2026-05-06 16:01:00'),
(59, 14, 'aceitante', 'rLTHRdtNi8s4WVXon0PPTAnW/oeRPjUKTyrDK1WOf0sncAz27v+K6xQ6HqeX+KyN70ZKwPJHfi4U6vagXiDCLKy0x0XbTYvLOFlV6J9Dz0wJ1v6HkT41Ck8qwytVjn9LJ3AM9u7/iusUOh6nl/isje9GSsDyR34uFOr2oF4gwiystMdF202LyzhZVeifQ89MCdb+h5E+NQpPKsMrVY5/SydwDPbu/4rrFDoep5f4rI3vRkrA8kd+LhTq9qBeIMIsrLTHRdtNi8s4WVXon0PPTAnW/oeRPjUKTyrDK1WOf0sncAz27v+K6xQ6HqeX+KyN70ZKwPJHfi4U6vagXiDCLA==', '2026-05-06 16:54:00'),
(60, 1, 'proponente', 'eRjoq19cUni87w6IJ5PgK2bxsWQPQn9eMcLPP7sB69+M7wUnWKpMVkdDO2DOn3lGlQCrnbvDqFPMtxUWFUDZ4nkY6KtfXFJ4vO8OiCeT4Ctm8bFkD0J/XjHCzz+7AevfjO8FJ1iqTFZHQztgzp95RpUAq527w6hTzLcVFhVA2eJ5GOirX1xSeLzvDognk+ArZvGxZA9Cf14xws8/uwHr34zvBSdYqkxWR0M7YM6feUaVAKudu8OoU8y3FRYVQNnieRjoq19cUni87w6IJ5PgK2bxsWQPQn9eMcLPP7sB69+M7wUnWKpMVkdDO2DOn3lGlQCrnbvDqFPMtxUWFUDZ4g==', '2026-05-08 16:22:00'),
(60, 2, 'aceitante', 'OvZ2kbpqceI944k2GcIfWtFHaZhlD9bpb0zGlqQvGcY+PTVkeXle+zhbCBpsxseatO74OP2qIluSP8oqdI/5BTr2dpG6anHiPeOJNhnCH1rRR2mYZQ/W6W9MxpakLxnGPj01ZHl5Xvs4WwgabMbHmrTu+Dj9qiJbkj/KKnSP+QU69naRumpx4j3jiTYZwh9a0UdpmGUP1ulvTMaWpC8Zxj49NWR5eV77OFsIGmzGx5q07vg4/aoiW5I/yip0j/kFOvZ2kbpqceI944k2GcIfWtFHaZhlD9bpb0zGlqQvGcY+PTVkeXle+zhbCBpsxseatO74OP2qIluSP8oqdI/5BQ==', '2026-05-08 17:15:00');

INSERT INTO password_history (id_utilizador, password_hash, data_criacao) VALUES
(1, 'scrypt:32768:8:1$demo$demo', '2026-01-02 10:00:00'),
(2, 'scrypt:32768:8:1$demo$demo', '2026-01-03 10:00:00'),
(3, 'scrypt:32768:8:1$demo$demo', '2026-01-04 10:00:00'),
(4, 'scrypt:32768:8:1$demo$demo', '2026-01-05 10:00:00'),
(5, 'scrypt:32768:8:1$demo$demo', '2026-01-06 10:00:00'),
(6, 'scrypt:32768:8:1$demo$demo', '2026-01-07 10:00:00'),
(7, 'scrypt:32768:8:1$demo$demo', '2026-01-08 10:00:00'),
(8, 'scrypt:32768:8:1$demo$demo', '2026-01-09 10:00:00'),
(9, 'scrypt:32768:8:1$demo$demo', '2026-01-10 10:00:00'),
(10, 'scrypt:32768:8:1$demo$demo', '2026-01-11 10:00:00'),
(11, 'scrypt:32768:8:1$demo$demo', '2026-01-12 10:00:00'),
(12, 'scrypt:32768:8:1$demo$demo', '2026-01-13 10:00:00'),
(13, 'scrypt:32768:8:1$demo$demo', '2026-01-14 10:00:00'),
(14, 'scrypt:32768:8:1$demo$demo', '2026-01-15 10:00:00'),
(15, 'scrypt:32768:8:1$demo$demo', '2026-01-16 10:00:00'),
(16, 'scrypt:32768:8:1$demo$demo', '2026-01-17 10:00:00'),
(17, 'scrypt:32768:8:1$demo$demo', '2026-01-18 10:00:00'),
(18, 'scrypt:32768:8:1$demo$demo', '2026-01-19 10:00:00'),
(19, 'scrypt:32768:8:1$demo$demo', '2026-01-20 10:00:00'),
(20, 'scrypt:32768:8:1$demo$demo', '2026-01-21 10:00:00');

